Дата,Kлики,Показы,CTR,Позиция
2026-09-05,0,82,0%,17.6
2026-09-06,1,98,1.02%,15.6
2026-09-07,1,100,1%,23.1
2026-09-08,0,99,0%,27.9
2026-09-09,0,74,0%,21.1
2026-09-10,1,56,1.79%,16.1
2026-09-11,0,51,0%,19.3
2026-09-12,0,62,0%,16
2026-09-13,0,57,0%,30.2
2026-09-14,0,76,0%,19.2
2026-09-15,1,120,0.83%,16.5
2026-09-16,0,69,0%,12.1
2026-09-17,2,62,3.23%,14.9
2026-09-18,1,78,1.28%,16.7
2026-09-19,1,56,1.79%,19.2
2026-09-20,0,80,0%,25.2
2026-09-21,1,106,0.94%,14.3
2026-09-22,0,109,0%,19.1
2026-09-23,0,106,0%,12.9
2026-09-24,1,152,0.66%,9.6
2026-09-25,0,107,0%,14.9
2026-09-26,1,84,1.19%,11.4
2026-09-27,1,99,1.01%,13.3
2026-09-28,0,71,0%,10.6
2026-09-29,1,107,0.93%,11.4
2026-09-30,1,151,0.66%,7.7
2026-10-01,0,113,0%,11.9
2026-10-02,1,136,0.74%,11.7