Страна,Kлики,Показы,CTR,Позиция
Индия,5,152,3.29%,12.12
США,2,878,0.23%,18.6
Великобритания,2,93,2.15%,18.65
Испания,1,58,1.72%,5.31
Нидерланды,1,38,2.63%,5.79
Португалия,1,15,6.67%,25.27
Израиль,1,12,8.33%,13.75
Венгрия,1,8,12.5%,5.5
Мадагаскар,1,7,14.29%,16.86
Германия,0,79,0%,13.8
Канада,0,68,0%,22.4
Кипр,0,67,0%,43.31
Австралия,0,65,0%,18.91
Россия,0,55,0%,9.25
Бразилия,0,54,0%,9.46
Финляндия,0,46,0%,43.39
Индонезия,0,44,0%,5.3
Пакистан,0,40,0%,6.6
Гонконг,0,39,0%,6.44
Мексика,0,36,0%,8.5
Малайзия,0,34,0%,7.21
Швеция,0,29,0%,47.59
Китай,0,26,0%,6.88
Франция,0,25,0%,7.04
Ирландия,0,25,0%,7.52
Объединенные Арабские Эмираты,0,25,0%,11.92
Южная Африка,0,24,0%,7.75
Южная Корея,0,23,0%,5.17
Италия,0,23,0%,9.22
Сингапур,0,22,0%,5
Турция,0,19,0%,11
Филиппины,0,17,0%,9.88
Вьетнам,0,17,0%,10.47
Перу,0,16,0%,6.44
Украина,0,16,0%,27
Колумбия,0,15,0%,4.07
Литва,0,15,0%,4.73
Бангладеш,0,14,0%,5.79
Саудовская Аравия,0,14,0%,14.64
Египет,0,13,0%,4.15
Швейцария,0,13,0%,17.08
Аргентина,0,12,0%,7
Бельгия,0,11,0%,4.73
Польша,0,11,0%,5.45
Япония,0,11,0%,6.73
Нигерия,0,9,0%,4.44
Чехия,0,9,0%,4.78
Беларусь,0,9,0%,13.78
Румыния,0,8,0%,4.25
Таиланд,0,8,0%,4.75
Австрия,0,8,0%,6.12
Эфиопия,0,8,0%,6.12
Новая Зеландия,0,8,0%,21.38
Норвегия,0,7,0%,5.29
Шри-Ланка,0,6,0%,3.83
Дания,0,6,0%,5.5
Тайвань,0,6,0%,10.17
Непал,0,5,0%,3.2
Греция,0,5,0%,3.6
Марокко,0,5,0%,6.2
Хорватия,0,5,0%,19
Эстония,0,5,0%,36
Венесуэла,0,4,0%,1.75
Чили,0,4,0%,2.75
Узбекистан,0,4,0%,3.75
Кения,0,4,0%,4.5
Эквадор,0,4,0%,4.75
Молдова,0,4,0%,6.5
Алжир,0,4,0%,22.5
Иордания,0,3,0%,2.33
Гана,0,3,0%,4.33
Иран,0,3,0%,5
Сербия,0,3,0%,6.33
Конго – Киншаса,0,3,0%,15.33
Армения,0,3,0%,23.33
Казахстан,0,3,0%,27.33
Сенегал,0,3,0%,31
Палестина,0,3,0%,33
Доминиканская Республика,0,2,0%,2
Бахрейн,0,2,0%,2.5
Камбоджа,0,2,0%,4.5
Грузия,0,2,0%,5
Словакия,0,2,0%,5
Катар,0,2,0%,5.5
Маврикий,0,2,0%,6
Никарагуа,0,2,0%,7
Косово,0,2,0%,7
Болгария,0,2,0%,8
Албания,0,2,0%,9
Кюрасао,0,2,0%,10.5
Ангола,0,2,0%,47.5
Майотта,0,2,0%,81.5
Босния и Герцеговина,0,1,0%,1
Экваториальная Гвинея,0,1,0%,1
Макау,0,1,0%,1
Македония,0,1,0%,1
Оман,0,1,0%,1
Панама,0,1,0%,1
Словения,0,1,0%,1
Сирия,0,1,0%,1
Уганда,0,1,0%,1
Малави,0,1,0%,2
Судан,0,1,0%,2
Кыргызстан,0,1,0%,3
Ливан,0,1,0%,3
Маршалловы острова,0,1,0%,3
Сомали,0,1,0%,3
Уругвай,0,1,0%,3
Азербайджан,0,1,0%,5
Ливия,0,1,0%,5
Тунис,0,1,0%,5
Кот д’Ивуар,0,1,0%,6
Багамы,0,1,0%,8
Коста-Рика,0,1,0%,10
Люксембург,0,1,0%,10
Зимбабве,0,1,0%,10
Ирак,0,1,0%,11
Замбия,0,1,0%,11
Буркина-Фасо,0,1,0%,38
Латвия,0,1,0%,66
Мьянма (Бирма),0,1,0%,66
Боливия,0,1,0%,69
Гондурас,0,1,0%,69
Намибия,0,1,0%,76
Мали,0,1,0%,82
Мартиника,0,1,0%,96
Ямайка,0,1,0%,97
Антигуа и Барбуда,0,1,0%,99
Таджикистан,0,1,0%,99