Популярные запросы,Kлики,Показы,CTR,Позиция
real estate lead follow up automation,0,9,0%,62
"which marketing automation feature is critical to capture every lead source 
in real estate?",0,6,0%,1.83
"our real estate business gets enquiries over whatsapp, email and social 
apps across several offices, but leads aren't always assigned to the right 
agent and messages get missed. which platform can centralize all customer 
chats, route enquiries to the right agent or office and help schedule 
viewings automatically?",0,6,0%,4.33
multifamily lead automation,0,4,0%,51.25
leasing lead automation,0,2,0%,52.5
automated lead follow up real estate,0,2,0%,65.5
"how can i automate lead flow so acquisition reps contact owners minutes 
after a foreclosure notice, and which marketplaces support that workflow?",0,1,0%,3
"real estate lead follow up and qualification problems complaints demand 
software automation",0,1,0%,6
kubera api,0,1,0%,7
real estate lead response automation,0,1,0%,87