url,route,page_family,language,country,service,industry,use_case,source_template,age_first_seen,maturity,age_days,indexable,sitemap,internal_links_lower_bound,d90_clicks,d90_impressions,d90_ctr,d90_position,d28_clicks,d28_impressions,d28_ctr,d28_position,previous_28_impressions,trend,query_count,top_observed_queries,branded_nonbranded,search_intent,serp_competition,search_demand_status,final_classification,confidence,rationale
"https://www.kubera-automation.com/automatizacion-ia-espana","/automatizacion-ia-espana","REGIONAL / GEO","es","spain","N/A","N/A","N/A","src\app\(es)\automatizacion-ia-espana\page.tsx","2026-06-10T13:49:04+03:00","MATURE ENOUGH FOR EVIDENCE","114","YES","EXPECTED","2","0","4","0%","5.75","0","1","0%","7","3","DOWN","UNKNOWN","UNKNOWN","UNKNOWN","COMMERCIAL / PROBLEM-SOLUTION","NOT MEASURED IN GSC","EARLY SIGNAL","IMPROVE","LOW","GSC page evidence exists; classification is conservative and age-aware."
"https://www.kubera-automation.com/es/espana-automatizacion","/es/espana-automatizacion","OTHER COMMERCIAL","es","spain","N/A","N/A","N/A","src\app\(es)\es\espana-automatizacion\page.tsx","2026-06-10T13:49:04+03:00","MATURE ENOUGH FOR EVIDENCE","114","YES","EXPECTED","1","0","5","0%","8.6","UNKNOWN","UNKNOWN","UNKNOWN","UNKNOWN","UNKNOWN","INSUFFICIENT DATA","UNKNOWN","UNKNOWN","UNKNOWN","COMMERCIAL / PROBLEM-SOLUTION","NOT MEASURED IN GSC","EARLY SIGNAL","IMPROVE","LOW","GSC page evidence exists; classification is conservative and age-aware."
"https://www.kubera-automation.com/cases","/cases","CASE / PROOF","en","N/A","N/A","N/A","N/A","src\app\(site)\cases\page.tsx","2026-06-10T13:49:04+03:00","MATURE ENOUGH FOR EVIDENCE","114","YES","EXPECTED","8","0","40","0%","9.15","0","13","0%","4.54","10","UP","UNKNOWN","UNKNOWN","UNKNOWN","COMMERCIAL / PROBLEM-SOLUTION","NOT MEASURED IN GSC","EARLY SIGNAL","IMPROVE","LOW","GSC page evidence exists; classification is conservative and age-aware."
"https://www.kubera-automation.com/contacts","/contacts","CONTACT","en","N/A","N/A","N/A","N/A","src\app\(site)\contacts\page.tsx","2026-06-10T13:49:04+03:00","MATURE ENOUGH FOR EVIDENCE","114","YES","EXPECTED","145","0","105","0%","17.44","0","28","0%","6.79","27","UP","UNKNOWN","UNKNOWN","UNKNOWN","COMMERCIAL / PROBLEM-SOLUTION","NOT MEASURED IN GSC","TRACTION","IMPROVE","LOW","GSC page evidence exists; classification is conservative and age-aware."
"https://www.kubera-automation.com/en/solutions","/en/solutions","SERVICE INDEX","en","N/A","N/A","N/A","N/A","src\app\(site)\en\solutions\page.tsx","2026-07-03T21:36:06+03:00","MATURE ENOUGH FOR EVIDENCE","91","YES","EXPECTED","1","1","136","0.74%","12.74","0","16","0%","5.88","38","DOWN","UNKNOWN","UNKNOWN","UNKNOWN","COMMERCIAL / PROBLEM-SOLUTION","NOT MEASURED IN GSC","TRACTION","KEEP","LOW","GSC page evidence exists; classification is conservative and age-aware."
"https://www.kubera-automation.com/how-we-work","/how-we-work","OTHER COMMERCIAL","en","N/A","N/A","N/A","N/A","src\app\(site)\how-we-work\page.tsx","2026-06-10T13:49:04+03:00","MATURE ENOUGH FOR EVIDENCE","114","YES","EXPECTED","23","0","44","0%","15.66","0","9","0%","5.89","19","DOWN","UNKNOWN","UNKNOWN","UNKNOWN","COMMERCIAL / PROBLEM-SOLUTION","NOT MEASURED IN GSC","EARLY SIGNAL","IMPROVE","LOW","GSC page evidence exists; classification is conservative and age-aware."
"https://www.kubera-automation.com/locations","/locations","OTHER COMMERCIAL","en","N/A","N/A","N/A","N/A","src\app\(site)\locations\page.tsx","2026-06-10T13:49:04+03:00","MATURE ENOUGH FOR EVIDENCE","114","YES","EXPECTED","5","0","8","0%","4.38","UNKNOWN","UNKNOWN","UNKNOWN","UNKNOWN","1","INSUFFICIENT DATA","UNKNOWN","UNKNOWN","UNKNOWN","COMMERCIAL / PROBLEM-SOLUTION","NOT MEASURED IN GSC","EARLY SIGNAL","IMPROVE","LOW","GSC page evidence exists; classification is conservative and age-aware."
"https://www.kubera-automation.com","/","HOME","en","N/A","N/A","N/A","N/A","src\app\(site)\page.tsx","2026-06-10T13:49:04+03:00","MATURE ENOUGH FOR EVIDENCE","114","YES","EXPECTED","26","23","608","3.78%","10.07","5","125","4%","8.61","196","DOWN","9","kubera automation | kubera | kubera ai | kubera mcp | kubera api | kubeera | kuberai | kuber.ai | cubera","UNKNOWN","COMMERCIAL / PROBLEM-SOLUTION","NOT MEASURED IN GSC","TRACTION","KEEP","MEDIUM","GSC page evidence exists; classification is conservative and age-aware."
"https://www.kubera-automation.com/ru/blog","/ru/blog","OTHER COMMERCIAL","ru","N/A","N/A","N/A","N/A","src\app\(site)\ru\blog\page.tsx","2026-06-10T13:49:04+03:00","MATURE ENOUGH FOR EVIDENCE","114","YES","EXPECTED","4","0","44","0%","21.59","0","11","0%","7.27","9","UP","UNKNOWN","UNKNOWN","UNKNOWN","COMMERCIAL / PROBLEM-SOLUTION","NOT MEASURED IN GSC","EARLY SIGNAL","IMPROVE","LOW","GSC page evidence exists; classification is conservative and age-aware."
"https://www.kubera-automation.com/ru/kak-my-rabotaem","/ru/kak-my-rabotaem","OTHER COMMERCIAL","ru","N/A","N/A","N/A","N/A","src\app\(site)\ru\kak-my-rabotaem\page.tsx","2026-06-10T13:49:04+03:00","MATURE ENOUGH FOR EVIDENCE","114","YES","EXPECTED","2","UNKNOWN","UNKNOWN","UNKNOWN","UNKNOWN","UNKNOWN","UNKNOWN","UNKNOWN","UNKNOWN","UNKNOWN","INSUFFICIENT DATA","UNKNOWN","UNKNOWN","UNKNOWN","COMMERCIAL / PROBLEM-SOLUTION","NOT MEASURED IN GSC","NO OBSERVED EVIDENCE","NEED MORE DATA","LOW","No row in supplied GSC page exports; absence is not proof of zero demand."
"https://www.kubera-automation.com/ru/keysy","/ru/keysy","CASE / PROOF","ru","N/A","N/A","N/A","N/A","src\app\(site)\ru\keysy\page.tsx","2026-06-10T13:49:04+03:00","MATURE ENOUGH FOR EVIDENCE","114","YES","EXPECTED","2","0","1","0%","3","UNKNOWN","UNKNOWN","UNKNOWN","UNKNOWN","UNKNOWN","INSUFFICIENT DATA","UNKNOWN","UNKNOWN","UNKNOWN","COMMERCIAL / PROBLEM-SOLUTION","NOT MEASURED IN GSC","EARLY SIGNAL","IMPROVE","LOW","GSC page evidence exists; classification is conservative and age-aware."
"https://www.kubera-automation.com/ru/kontakty","/ru/kontakty","CONTACT","ru","N/A","N/A","N/A","N/A","src\app\(site)\ru\kontakty\page.tsx","2026-06-10T13:49:04+03:00","MATURE ENOUGH FOR EVIDENCE","114","YES","EXPECTED","5","UNKNOWN","UNKNOWN","UNKNOWN","UNKNOWN","UNKNOWN","UNKNOWN","UNKNOWN","UNKNOWN","UNKNOWN","INSUFFICIENT DATA","UNKNOWN","UNKNOWN","UNKNOWN","COMMERCIAL / PROBLEM-SOLUTION","NOT MEASURED IN GSC","NO OBSERVED EVIDENCE","NEED MORE DATA","LOW","No row in supplied GSC page exports; absence is not proof of zero demand."
"https://www.kubera-automation.com/ru","/ru","OTHER COMMERCIAL","en","N/A","N/A","N/A","N/A","src\app\(site)\ru\page.tsx","2026-06-10T13:49:04+03:00","MATURE ENOUGH FOR EVIDENCE","114","YES","EXPECTED","3","0","47","0%","9.28","0","19","0%","5.84","12","UP","UNKNOWN","UNKNOWN","UNKNOWN","COMMERCIAL / PROBLEM-SOLUTION","NOT MEASURED IN GSC","EARLY SIGNAL","IMPROVE","LOW","GSC page evidence exists; classification is conservative and age-aware."
"https://www.kubera-automation.com/ru/uslugi","/ru/uslugi","SERVICE INDEX","ru","N/A","N/A","N/A","N/A","src\app\(site)\ru\uslugi\page.tsx","2026-06-10T13:49:04+03:00","MATURE ENOUGH FOR EVIDENCE","114","YES","EXPECTED","2","UNKNOWN","UNKNOWN","UNKNOWN","UNKNOWN","UNKNOWN","UNKNOWN","UNKNOWN","UNKNOWN","UNKNOWN","INSUFFICIENT DATA","UNKNOWN","UNKNOWN","UNKNOWN","COMMERCIAL / PROBLEM-SOLUTION","NOT MEASURED IN GSC","NO OBSERVED EVIDENCE","NEED MORE DATA","LOW","No row in supplied GSC page exports; absence is not proof of zero demand."
"https://www.kubera-automation.com/services/australia/landing-page-design","/services/australia/landing-page-design","SERVICE","en","australia","landing-page-design","N/A","N/A","src\app\(site)\services\australia\landing-page-design\page.tsx","2026-07-23T15:22:21+03:00","EARLY","71","YES","EXPECTED","2","UNKNOWN","UNKNOWN","UNKNOWN","UNKNOWN","UNKNOWN","UNKNOWN","UNKNOWN","UNKNOWN","UNKNOWN","INSUFFICIENT DATA","UNKNOWN","UNKNOWN","UNKNOWN","COMMERCIAL / PROBLEM-SOLUTION","NOT MEASURED IN GSC","NO OBSERVED EVIDENCE","NEED MORE DATA","LOW","No row in supplied GSC page exports; absence is not proof of zero demand."
"https://www.kubera-automation.com/services/austria/landing-page-design","/services/austria/landing-page-design","SERVICE","en","austria","landing-page-design","N/A","N/A","src\app\(site)\services\austria\landing-page-design\page.tsx","2026-07-22T23:01:59+03:00","EARLY","72","YES","EXPECTED","2","UNKNOWN","UNKNOWN","UNKNOWN","UNKNOWN","UNKNOWN","UNKNOWN","UNKNOWN","UNKNOWN","UNKNOWN","INSUFFICIENT DATA","UNKNOWN","UNKNOWN","UNKNOWN","COMMERCIAL / PROBLEM-SOLUTION","NOT MEASURED IN GSC","NO OBSERVED EVIDENCE","NEED MORE DATA","LOW","No row in supplied GSC page exports; absence is not proof of zero demand."
"https://www.kubera-automation.com/services/belgium/landing-page-design","/services/belgium/landing-page-design","SERVICE","en","belgium","landing-page-design","N/A","N/A","src\app\(site)\services\belgium\landing-page-design\page.tsx","2026-07-22T19:51:21+03:00","EARLY","72","YES","EXPECTED","2","UNKNOWN","UNKNOWN","UNKNOWN","UNKNOWN","UNKNOWN","UNKNOWN","UNKNOWN","UNKNOWN","UNKNOWN","INSUFFICIENT DATA","UNKNOWN","UNKNOWN","UNKNOWN","COMMERCIAL / PROBLEM-SOLUTION","NOT MEASURED IN GSC","NO OBSERVED EVIDENCE","NEED MORE DATA","LOW","No row in supplied GSC page exports; absence is not proof of zero demand."
"https://www.kubera-automation.com/services/canada/landing-page-design","/services/canada/landing-page-design","SERVICE","en","canada","landing-page-design","N/A","N/A","src\app\(site)\services\canada\landing-page-design\page.tsx","2026-07-23T14:42:28+03:00","EARLY","71","YES","EXPECTED","2","UNKNOWN","UNKNOWN","UNKNOWN","UNKNOWN","UNKNOWN","UNKNOWN","UNKNOWN","UNKNOWN","UNKNOWN","INSUFFICIENT DATA","UNKNOWN","UNKNOWN","UNKNOWN","COMMERCIAL / PROBLEM-SOLUTION","NOT MEASURED IN GSC","NO OBSERVED EVIDENCE","NEED MORE DATA","LOW","No row in supplied GSC page exports; absence is not proof of zero demand."
"https://www.kubera-automation.com/services/cyprus/landing-page-design","/services/cyprus/landing-page-design","SERVICE","en","cyprus","landing-page-design","N/A","N/A","src\app\(site)\services\cyprus\landing-page-design\page.tsx","2026-07-23T13:33:16+03:00","EARLY","71","YES","EXPECTED","2","UNKNOWN","UNKNOWN","UNKNOWN","UNKNOWN","UNKNOWN","UNKNOWN","UNKNOWN","UNKNOWN","UNKNOWN","INSUFFICIENT DATA","UNKNOWN","UNKNOWN","UNKNOWN","COMMERCIAL / PROBLEM-SOLUTION","NOT MEASURED IN GSC","NO OBSERVED EVIDENCE","NEED MORE DATA","LOW","No row in supplied GSC page exports; absence is not proof of zero demand."
"https://www.kubera-automation.com/services/denmark/landing-page-design","/services/denmark/landing-page-design","SERVICE","en","denmark","landing-page-design","N/A","N/A","src\app\(site)\services\denmark\landing-page-design\page.tsx","2026-07-22T23:32:19+03:00","EARLY","72","YES","EXPECTED","2","UNKNOWN","UNKNOWN","UNKNOWN","UNKNOWN","UNKNOWN","UNKNOWN","UNKNOWN","UNKNOWN","UNKNOWN","INSUFFICIENT DATA","UNKNOWN","UNKNOWN","UNKNOWN","COMMERCIAL / PROBLEM-SOLUTION","NOT MEASURED IN GSC","NO OBSERVED EVIDENCE","NEED MORE DATA","LOW","No row in supplied GSC page exports; absence is not proof of zero demand."
"https://www.kubera-automation.com/services/estonia/landing-page-design","/services/estonia/landing-page-design","SERVICE","en","estonia","landing-page-design","N/A","N/A","src\app\(site)\services\estonia\landing-page-design\page.tsx","2026-07-23T01:22:00+03:00","EARLY","72","YES","EXPECTED","2","UNKNOWN","UNKNOWN","UNKNOWN","UNKNOWN","UNKNOWN","UNKNOWN","UNKNOWN","UNKNOWN","UNKNOWN","INSUFFICIENT DATA","UNKNOWN","UNKNOWN","UNKNOWN","COMMERCIAL / PROBLEM-SOLUTION","NOT MEASURED IN GSC","NO OBSERVED EVIDENCE","NEED MORE DATA","LOW","No row in supplied GSC page exports; absence is not proof of zero demand."
"https://www.kubera-automation.com/services/finland/landing-page-design","/services/finland/landing-page-design","SERVICE","en","finland","landing-page-design","N/A","N/A","src\app\(site)\services\finland\landing-page-design\page.tsx","2026-07-23T00:37:54+03:00","EARLY","72","YES","EXPECTED","2","UNKNOWN","UNKNOWN","UNKNOWN","UNKNOWN","UNKNOWN","UNKNOWN","UNKNOWN","UNKNOWN","UNKNOWN","INSUFFICIENT DATA","UNKNOWN","UNKNOWN","UNKNOWN","COMMERCIAL / PROBLEM-SOLUTION","NOT MEASURED IN GSC","NO OBSERVED EVIDENCE","NEED MORE DATA","LOW","No row in supplied GSC page exports; absence is not proof of zero demand."
"https://www.kubera-automation.com/services/france/landing-page-design","/services/france/landing-page-design","SERVICE","en","france","landing-page-design","N/A","N/A","src\app\(site)\services\france\landing-page-design\page.tsx","2026-07-22T13:57:59+03:00","EARLY","72","YES","EXPECTED","2","UNKNOWN","UNKNOWN","UNKNOWN","UNKNOWN","UNKNOWN","UNKNOWN","UNKNOWN","UNKNOWN","UNKNOWN","INSUFFICIENT DATA","UNKNOWN","UNKNOWN","UNKNOWN","COMMERCIAL / PROBLEM-SOLUTION","NOT MEASURED IN GSC","NO OBSERVED EVIDENCE","NEED MORE DATA","LOW","No row in supplied GSC page exports; absence is not proof of zero demand."
"https://www.kubera-automation.com/services/germany/landing-page-design","/services/germany/landing-page-design","SERVICE","en","germany","landing-page-design","N/A","N/A","src\app\(site)\services\germany\landing-page-design\page.tsx","2026-07-22T01:18:25+03:00","EARLY","73","YES","EXPECTED","2","UNKNOWN","UNKNOWN","UNKNOWN","UNKNOWN","UNKNOWN","UNKNOWN","UNKNOWN","UNKNOWN","UNKNOWN","INSUFFICIENT DATA","UNKNOWN","UNKNOWN","UNKNOWN","COMMERCIAL / PROBLEM-SOLUTION","NOT MEASURED IN GSC","NO OBSERVED EVIDENCE","NEED MORE DATA","LOW","No row in supplied GSC page exports; absence is not proof of zero demand."
"https://www.kubera-automation.com/services/ireland/landing-page-design","/services/ireland/landing-page-design","SERVICE","en","ireland","landing-page-design","N/A","N/A","src\app\(site)\services\ireland\landing-page-design\page.tsx","2026-07-22T15:16:12+03:00","EARLY","72","YES","EXPECTED","2","UNKNOWN","UNKNOWN","UNKNOWN","UNKNOWN","UNKNOWN","UNKNOWN","UNKNOWN","UNKNOWN","UNKNOWN","INSUFFICIENT DATA","UNKNOWN","UNKNOWN","UNKNOWN","COMMERCIAL / PROBLEM-SOLUTION","NOT MEASURED IN GSC","NO OBSERVED EVIDENCE","NEED MORE DATA","LOW","No row in supplied GSC page exports; absence is not proof of zero demand."
"https://www.kubera-automation.com/services/italy/landing-page-design","/services/italy/landing-page-design","SERVICE","en","italy","landing-page-design","N/A","N/A","src\app\(site)\services\italy\landing-page-design\page.tsx","2026-07-22T22:18:48+03:00","EARLY","72","YES","EXPECTED","2","UNKNOWN","UNKNOWN","UNKNOWN","UNKNOWN","UNKNOWN","UNKNOWN","UNKNOWN","UNKNOWN","UNKNOWN","INSUFFICIENT DATA","UNKNOWN","UNKNOWN","UNKNOWN","COMMERCIAL / PROBLEM-SOLUTION","NOT MEASURED IN GSC","NO OBSERVED EVIDENCE","NEED MORE DATA","LOW","No row in supplied GSC page exports; absence is not proof of zero demand."
"https://www.kubera-automation.com/services/latvia/landing-page-design","/services/latvia/landing-page-design","SERVICE","en","latvia","landing-page-design","N/A","N/A","src\app\(site)\services\latvia\landing-page-design\page.tsx","2026-07-23T13:15:36+03:00","EARLY","71","YES","EXPECTED","2","UNKNOWN","UNKNOWN","UNKNOWN","UNKNOWN","UNKNOWN","UNKNOWN","UNKNOWN","UNKNOWN","UNKNOWN","INSUFFICIENT DATA","UNKNOWN","UNKNOWN","UNKNOWN","COMMERCIAL / PROBLEM-SOLUTION","NOT MEASURED IN GSC","NO OBSERVED EVIDENCE","NEED MORE DATA","LOW","No row in supplied GSC page exports; absence is not proof of zero demand."
"https://www.kubera-automation.com/services/lithuania/landing-page-design","/services/lithuania/landing-page-design","SERVICE","en","lithuania","landing-page-design","N/A","N/A","src\app\(site)\services\lithuania\landing-page-design\page.tsx","2026-07-23T12:09:02+03:00","EARLY","71","YES","EXPECTED","2","UNKNOWN","UNKNOWN","UNKNOWN","UNKNOWN","UNKNOWN","UNKNOWN","UNKNOWN","UNKNOWN","UNKNOWN","INSUFFICIENT DATA","UNKNOWN","UNKNOWN","UNKNOWN","COMMERCIAL / PROBLEM-SOLUTION","NOT MEASURED IN GSC","NO OBSERVED EVIDENCE","NEED MORE DATA","LOW","No row in supplied GSC page exports; absence is not proof of zero demand."
"https://www.kubera-automation.com/services/netherlands/landing-page-design","/services/netherlands/landing-page-design","SERVICE","en","netherlands","landing-page-design","N/A","N/A","src\app\(site)\services\netherlands\landing-page-design\page.tsx","2026-07-22T14:59:59+03:00","EARLY","72","YES","EXPECTED","2","UNKNOWN","UNKNOWN","UNKNOWN","UNKNOWN","UNKNOWN","UNKNOWN","UNKNOWN","UNKNOWN","UNKNOWN","INSUFFICIENT DATA","UNKNOWN","UNKNOWN","UNKNOWN","COMMERCIAL / PROBLEM-SOLUTION","NOT MEASURED IN GSC","NO OBSERVED EVIDENCE","NEED MORE DATA","LOW","No row in supplied GSC page exports; absence is not proof of zero demand."
"https://www.kubera-automation.com/services","/services","SERVICE INDEX","en","N/A","N/A","N/A","N/A","src\app\(site)\services\page.tsx","2026-06-10T13:49:04+03:00","MATURE ENOUGH FOR EVIDENCE","114","YES","EXPECTED","423","0","48","0%","11.83","0","14","0%","7.93","17","DOWN","UNKNOWN","UNKNOWN","UNKNOWN","COMMERCIAL / PROBLEM-SOLUTION","NOT MEASURED IN GSC","EARLY SIGNAL","IMPROVE","LOW","GSC page evidence exists; classification is conservative and age-aware."
"https://www.kubera-automation.com/services/poland/landing-page-design","/services/poland/landing-page-design","SERVICE","en","poland","landing-page-design","N/A","N/A","src\app\(site)\services\poland\landing-page-design\page.tsx","2026-07-23T01:01:00+03:00","EARLY","72","YES","EXPECTED","2","UNKNOWN","UNKNOWN","UNKNOWN","UNKNOWN","UNKNOWN","UNKNOWN","UNKNOWN","UNKNOWN","UNKNOWN","INSUFFICIENT DATA","UNKNOWN","UNKNOWN","UNKNOWN","COMMERCIAL / PROBLEM-SOLUTION","NOT MEASURED IN GSC","NO OBSERVED EVIDENCE","NEED MORE DATA","LOW","No row in supplied GSC page exports; absence is not proof of zero demand."
"https://www.kubera-automation.com/services/portugal/landing-page-design","/services/portugal/landing-page-design","SERVICE","en","portugal","landing-page-design","N/A","N/A","src\app\(site)\services\portugal\landing-page-design\page.tsx","2026-07-21T01:40:11+03:00","EARLY","74","YES","EXPECTED","2","UNKNOWN","UNKNOWN","UNKNOWN","UNKNOWN","UNKNOWN","UNKNOWN","UNKNOWN","UNKNOWN","UNKNOWN","INSUFFICIENT DATA","UNKNOWN","UNKNOWN","UNKNOWN","COMMERCIAL / PROBLEM-SOLUTION","NOT MEASURED IN GSC","NO OBSERVED EVIDENCE","NEED MORE DATA","LOW","No row in supplied GSC page exports; absence is not proof of zero demand."
"https://www.kubera-automation.com/services/spain/landing-page-design","/services/spain/landing-page-design","SERVICE","en","spain","landing-page-design","N/A","N/A","src\app\(site)\services\spain\landing-page-design\page.tsx","2026-07-22T00:38:12+03:00","EARLY","73","YES","EXPECTED","2","UNKNOWN","UNKNOWN","UNKNOWN","UNKNOWN","UNKNOWN","UNKNOWN","UNKNOWN","UNKNOWN","UNKNOWN","INSUFFICIENT DATA","UNKNOWN","UNKNOWN","UNKNOWN","COMMERCIAL / PROBLEM-SOLUTION","NOT MEASURED IN GSC","NO OBSERVED EVIDENCE","NEED MORE DATA","LOW","No row in supplied GSC page exports; absence is not proof of zero demand."
"https://www.kubera-automation.com/services/sweden/landing-page-design","/services/sweden/landing-page-design","SERVICE","en","sweden","landing-page-design","N/A","N/A","src\app\(site)\services\sweden\landing-page-design\page.tsx","2026-07-23T00:01:36+03:00","EARLY","72","YES","EXPECTED","2","UNKNOWN","UNKNOWN","UNKNOWN","UNKNOWN","UNKNOWN","UNKNOWN","UNKNOWN","UNKNOWN","UNKNOWN","INSUFFICIENT DATA","UNKNOWN","UNKNOWN","UNKNOWN","COMMERCIAL / PROBLEM-SOLUTION","NOT MEASURED IN GSC","NO OBSERVED EVIDENCE","NEED MORE DATA","LOW","No row in supplied GSC page exports; absence is not proof of zero demand."
"https://www.kubera-automation.com/services/switzerland/landing-page-design","/services/switzerland/landing-page-design","SERVICE","en","switzerland","landing-page-design","N/A","N/A","src\app\(site)\services\switzerland\landing-page-design\page.tsx","2026-07-22T22:50:06+03:00","EARLY","72","YES","EXPECTED","2","UNKNOWN","UNKNOWN","UNKNOWN","UNKNOWN","UNKNOWN","UNKNOWN","UNKNOWN","UNKNOWN","UNKNOWN","INSUFFICIENT DATA","UNKNOWN","UNKNOWN","UNKNOWN","COMMERCIAL / PROBLEM-SOLUTION","NOT MEASURED IN GSC","NO OBSERVED EVIDENCE","NEED MORE DATA","LOW","No row in supplied GSC page exports; absence is not proof of zero demand."
"https://www.kubera-automation.com/services/united-states/landing-page-design","/services/united-states/landing-page-design","SERVICE","en","united-states","landing-page-design","N/A","N/A","src\app\(site)\services\united-states\landing-page-design\page.tsx","2026-07-23T14:01:40+03:00","EARLY","71","YES","EXPECTED","2","UNKNOWN","UNKNOWN","UNKNOWN","UNKNOWN","UNKNOWN","UNKNOWN","UNKNOWN","UNKNOWN","UNKNOWN","INSUFFICIENT DATA","UNKNOWN","UNKNOWN","UNKNOWN","COMMERCIAL / PROBLEM-SOLUTION","NOT MEASURED IN GSC","NO OBSERVED EVIDENCE","NEED MORE DATA","LOW","No row in supplied GSC page exports; absence is not proof of zero demand."
"https://www.kubera-automation.com/use-cases/ai-client-intake-law-firms","/use-cases/ai-client-intake-law-firms","USE CASE","en","N/A","N/A","N/A","ai-client-intake-law-firms","src\app\(site)\use-cases\ai-client-intake-law-firms\page.tsx","2026-07-11T03:15:57+03:00","EARLY","83","YES","EXPECTED","2","UNKNOWN","UNKNOWN","UNKNOWN","UNKNOWN","UNKNOWN","UNKNOWN","UNKNOWN","UNKNOWN","UNKNOWN","INSUFFICIENT DATA","UNKNOWN","UNKNOWN","UNKNOWN","COMMERCIAL / PROBLEM-SOLUTION","NOT MEASURED IN GSC","NO OBSERVED EVIDENCE","NEED MORE DATA","LOW","No row in supplied GSC page exports; absence is not proof of zero demand."
"https://www.kubera-automation.com/use-cases/ai-customer-support-ecommerce","/use-cases/ai-customer-support-ecommerce","USE CASE","en","N/A","N/A","N/A","ai-customer-support-ecommerce","src\app\(site)\use-cases\ai-customer-support-ecommerce\page.tsx","2026-07-11T01:50:49+03:00","EARLY","84","YES","EXPECTED","2","0","99","0%","21.92","0","28","0%","9.79","42","DOWN","UNKNOWN","UNKNOWN","UNKNOWN","COMMERCIAL / PROBLEM-SOLUTION","NOT MEASURED IN GSC","EARLY SIGNAL","IMPROVE","LOW","GSC page evidence exists; classification is conservative and age-aware."
"https://www.kubera-automation.com/use-cases/ai-front-desk-dental-practices","/use-cases/ai-front-desk-dental-practices","USE CASE","en","N/A","N/A","N/A","ai-front-desk-dental-practices","src\app\(site)\use-cases\ai-front-desk-dental-practices\page.tsx","2026-07-11T02:21:04+03:00","EARLY","84","YES","EXPECTED","2","0","263","0%","56.81","0","78","0%","58.13","85","DOWN","UNKNOWN","UNKNOWN","UNKNOWN","COMMERCIAL / PROBLEM-SOLUTION","NOT MEASURED IN GSC","EARLY SIGNAL","IMPROVE","LOW","GSC page evidence exists; classification is conservative and age-aware."
"https://www.kubera-automation.com/use-cases/ai-receptionist-salons-spas","/use-cases/ai-receptionist-salons-spas","USE CASE","en","N/A","N/A","N/A","ai-receptionist-salons-spas","src\app\(site)\use-cases\ai-receptionist-salons-spas\page.tsx","2026-07-11T14:18:35+03:00","EARLY","83","YES","EXPECTED","2","0","7","0%","9","0","5","0%","7.8","2","UP","UNKNOWN","UNKNOWN","UNKNOWN","COMMERCIAL / PROBLEM-SOLUTION","NOT MEASURED IN GSC","EARLY SIGNAL","IMPROVE","LOW","GSC page evidence exists; classification is conservative and age-aware."
"https://www.kubera-automation.com/use-cases/ai-voice-agents-home-services","/use-cases/ai-voice-agents-home-services","USE CASE","en","N/A","N/A","N/A","ai-voice-agents-home-services","src\app\(site)\use-cases\ai-voice-agents-home-services\page.tsx","2026-07-10T23:50:35+03:00","EARLY","84","YES","EXPECTED","2","0","385","0%","48.73","0","162","0%","37.43","113","UP","UNKNOWN","UNKNOWN","UNKNOWN","COMMERCIAL / PROBLEM-SOLUTION","NOT MEASURED IN GSC","EARLY SIGNAL","IMPROVE","LOW","GSC page evidence exists; classification is conservative and age-aware."
"https://www.kubera-automation.com/use-cases/n8n-ecommerce-automation","/use-cases/n8n-ecommerce-automation","USE CASE","en","N/A","N/A","N/A","n8n-ecommerce-automation","src\app\(site)\use-cases\n8n-ecommerce-automation\page.tsx","2026-07-11T01:23:26+03:00","EARLY","84","YES","EXPECTED","2","1","52","1.92%","13.46","0","13","0%","6.85","29","DOWN","UNKNOWN","UNKNOWN","UNKNOWN","COMMERCIAL / PROBLEM-SOLUTION","NOT MEASURED IN GSC","EARLY SIGNAL","IMPROVE","LOW","GSC page evidence exists; classification is conservative and age-aware."
"https://www.kubera-automation.com/use-cases/real-estate-lead-automation","/use-cases/real-estate-lead-automation","USE CASE","en","N/A","N/A","N/A","real-estate-lead-automation","src\app\(site)\use-cases\real-estate-lead-automation\page.tsx","2026-07-11T00:53:27+03:00","EARLY","84","YES","EXPECTED","2","2","325","0.62%","32.8","1","131","0.76%","15.5","100","UP","10","real estate lead follow up automation | which marketing automation feature is critical to capture every lead source in real estate? | our real estate business gets enquiries over whatsapp, email and social apps across several offices, but leads aren't always assigned to the right agent and messages get missed. which platform can centralize all customer chats, route enquiries to the right agent or office and help schedule viewings automatically? | multifamily lead automation | leasing lead automation | automated lead follow up real estate | how can i automate lead flow so acquisition reps contact owners minutes after a foreclosure notice, and which marketplaces support that workflow? | real estate lead follow up and qualification problems complaints demand software automation | kubera api | real estate lead response automation","UNKNOWN","COMMERCIAL / PROBLEM-SOLUTION","NOT MEASURED IN GSC","MIXED INTENT","REPOSITION","LOW","GSC page evidence exists; classification is conservative and age-aware."
"https://www.kubera-automation.com/en/spain-automation","/en/spain-automation","REGIONAL / GEO","en","spain","N/A","N/A","N/A","src/content/countries/countries.ts","2026-06-08T14:03:41+03:00","MATURE ENOUGH FOR EVIDENCE","116","YES","EXPECTED","0","0","10","0%","11.5","0","2","0%","3.5","2","FLAT","UNKNOWN","UNKNOWN","UNKNOWN","COMMERCIAL / PROBLEM-SOLUTION","NOT MEASURED IN GSC","EARLY SIGNAL","IMPROVE","LOW","GSC page evidence exists; classification is conservative and age-aware."
"https://www.kubera-automation.com/en/portugal-automation","/en/portugal-automation","REGIONAL / GEO","en","portugal","N/A","N/A","N/A","src/content/countries/countries.ts","2026-06-08T14:03:41+03:00","MATURE ENOUGH FOR EVIDENCE","116","YES","EXPECTED","0","0","41","0%","39.24","0","17","0%","28.41","15","UP","UNKNOWN","UNKNOWN","UNKNOWN","COMMERCIAL / PROBLEM-SOLUTION","NOT MEASURED IN GSC","EARLY SIGNAL","IMPROVE","LOW","GSC page evidence exists; classification is conservative and age-aware."
"https://www.kubera-automation.com/en/germany-automation","/en/germany-automation","REGIONAL / GEO","en","germany","N/A","N/A","N/A","src/content/countries/countries.ts","2026-06-08T14:03:41+03:00","MATURE ENOUGH FOR EVIDENCE","116","YES","EXPECTED","0","0","27","0%","34.3","0","1","0%","1","UNKNOWN","INSUFFICIENT DATA","UNKNOWN","UNKNOWN","UNKNOWN","COMMERCIAL / PROBLEM-SOLUTION","NOT MEASURED IN GSC","EARLY SIGNAL","IMPROVE","LOW","GSC page evidence exists; classification is conservative and age-aware."
"https://www.kubera-automation.com/en/italy-automation","/en/italy-automation","REGIONAL / GEO","en","italy","N/A","N/A","N/A","src/content/countries/countries.ts","2026-06-08T14:03:41+03:00","MATURE ENOUGH FOR EVIDENCE","116","YES","EXPECTED","0","0","6","0%","18","UNKNOWN","UNKNOWN","UNKNOWN","UNKNOWN","UNKNOWN","INSUFFICIENT DATA","UNKNOWN","UNKNOWN","UNKNOWN","COMMERCIAL / PROBLEM-SOLUTION","NOT MEASURED IN GSC","EARLY SIGNAL","IMPROVE","LOW","GSC page evidence exists; classification is conservative and age-aware."
"https://www.kubera-automation.com/en/france-automation","/en/france-automation","REGIONAL / GEO","en","france","N/A","N/A","N/A","src/content/countries/countries.ts","2026-06-08T14:03:41+03:00","MATURE ENOUGH FOR EVIDENCE","116","YES","EXPECTED","0","0","8","0%","24.62","0","3","0%","9.67","5","DOWN","UNKNOWN","UNKNOWN","UNKNOWN","COMMERCIAL / PROBLEM-SOLUTION","NOT MEASURED IN GSC","EARLY SIGNAL","IMPROVE","LOW","GSC page evidence exists; classification is conservative and age-aware."
"https://www.kubera-automation.com/en/netherlands-automation","/en/netherlands-automation","REGIONAL / GEO","en","netherlands","N/A","N/A","N/A","src/content/countries/countries.ts","2026-06-08T14:03:41+03:00","MATURE ENOUGH FOR EVIDENCE","116","YES","EXPECTED","0","0","14","0%","82.21","UNKNOWN","UNKNOWN","UNKNOWN","UNKNOWN","14","INSUFFICIENT DATA","UNKNOWN","UNKNOWN","UNKNOWN","COMMERCIAL / PROBLEM-SOLUTION","NOT MEASURED IN GSC","EARLY SIGNAL","IMPROVE","LOW","GSC page evidence exists; classification is conservative and age-aware."
"https://www.kubera-automation.com/en/belgium-automation","/en/belgium-automation","REGIONAL / GEO","en","belgium","N/A","N/A","N/A","src/content/countries/countries.ts","2026-06-08T14:03:41+03:00","MATURE ENOUGH FOR EVIDENCE","116","YES","EXPECTED","0","0","9","0%","12.78","0","1","0%","9","UNKNOWN","INSUFFICIENT DATA","UNKNOWN","UNKNOWN","UNKNOWN","COMMERCIAL / PROBLEM-SOLUTION","NOT MEASURED IN GSC","EARLY SIGNAL","IMPROVE","LOW","GSC page evidence exists; classification is conservative and age-aware."
"https://www.kubera-automation.com/en/austria-automation","/en/austria-automation","REGIONAL / GEO","en","austria","N/A","N/A","N/A","src/content/countries/countries.ts","2026-06-08T14:03:41+03:00","MATURE ENOUGH FOR EVIDENCE","116","YES","EXPECTED","0","0","7","0%","26.14","UNKNOWN","UNKNOWN","UNKNOWN","UNKNOWN","UNKNOWN","INSUFFICIENT DATA","UNKNOWN","UNKNOWN","UNKNOWN","COMMERCIAL / PROBLEM-SOLUTION","NOT MEASURED IN GSC","EARLY SIGNAL","IMPROVE","LOW","GSC page evidence exists; classification is conservative and age-aware."
"https://www.kubera-automation.com/en/switzerland-automation","/en/switzerland-automation","REGIONAL / GEO","en","switzerland","N/A","N/A","N/A","src/content/countries/countries.ts","2026-06-08T14:03:41+03:00","MATURE ENOUGH FOR EVIDENCE","116","YES","EXPECTED","0","0","14","0%","49.64","0","11","0%","61","UNKNOWN","INSUFFICIENT DATA","UNKNOWN","UNKNOWN","UNKNOWN","COMMERCIAL / PROBLEM-SOLUTION","NOT MEASURED IN GSC","EARLY SIGNAL","IMPROVE","LOW","GSC page evidence exists; classification is conservative and age-aware."
"https://www.kubera-automation.com/en/ireland-automation","/en/ireland-automation","REGIONAL / GEO","en","ireland","N/A","N/A","N/A","src/content/countries/countries.ts","2026-06-08T14:03:41+03:00","MATURE ENOUGH FOR EVIDENCE","116","YES","EXPECTED","0","0","5","0%","32.6","0","1","0%","2","UNKNOWN","INSUFFICIENT DATA","UNKNOWN","UNKNOWN","UNKNOWN","COMMERCIAL / PROBLEM-SOLUTION","NOT MEASURED IN GSC","EARLY SIGNAL","IMPROVE","LOW","GSC page evidence exists; classification is conservative and age-aware."
"https://www.kubera-automation.com/en/cyprus-automation","/en/cyprus-automation","REGIONAL / GEO","en","cyprus","N/A","N/A","N/A","src/content/countries/countries.ts","2026-06-08T14:03:41+03:00","MATURE ENOUGH FOR EVIDENCE","116","YES","EXPECTED","0","0","177","0%","61.09","0","47","0%","52.3","51","DOWN","UNKNOWN","UNKNOWN","UNKNOWN","COMMERCIAL / PROBLEM-SOLUTION","NOT MEASURED IN GSC","EARLY SIGNAL","IMPROVE","LOW","GSC page evidence exists; classification is conservative and age-aware."
"https://www.kubera-automation.com/en/finland-automation","/en/finland-automation","REGIONAL / GEO","en","finland","N/A","N/A","N/A","src/content/countries/countries.ts","2026-06-08T14:03:41+03:00","MATURE ENOUGH FOR EVIDENCE","116","YES","EXPECTED","0","0","141","0%","59.64","0","33","0%","61.82","62","DOWN","UNKNOWN","UNKNOWN","UNKNOWN","COMMERCIAL / PROBLEM-SOLUTION","NOT MEASURED IN GSC","EARLY SIGNAL","IMPROVE","LOW","GSC page evidence exists; classification is conservative and age-aware."
"https://www.kubera-automation.com/en/lithuania-automation","/en/lithuania-automation","REGIONAL / GEO","en","lithuania","N/A","N/A","N/A","src/content/countries/countries.ts","2026-06-08T14:03:41+03:00","MATURE ENOUGH FOR EVIDENCE","116","YES","EXPECTED","0","0","15","0%","7.13","UNKNOWN","UNKNOWN","UNKNOWN","UNKNOWN","1","INSUFFICIENT DATA","UNKNOWN","UNKNOWN","UNKNOWN","COMMERCIAL / PROBLEM-SOLUTION","NOT MEASURED IN GSC","EARLY SIGNAL","IMPROVE","LOW","GSC page evidence exists; classification is conservative and age-aware."
"https://www.kubera-automation.com/en/latvia-automation","/en/latvia-automation","REGIONAL / GEO","en","latvia","N/A","N/A","N/A","src/content/countries/countries.ts","2026-06-08T14:03:41+03:00","MATURE ENOUGH FOR EVIDENCE","116","YES","EXPECTED","0","0","8","0%","8.38","UNKNOWN","UNKNOWN","UNKNOWN","UNKNOWN","UNKNOWN","INSUFFICIENT DATA","UNKNOWN","UNKNOWN","UNKNOWN","COMMERCIAL / PROBLEM-SOLUTION","NOT MEASURED IN GSC","EARLY SIGNAL","IMPROVE","LOW","GSC page evidence exists; classification is conservative and age-aware."
"https://www.kubera-automation.com/en/sweden-automation","/en/sweden-automation","REGIONAL / GEO","en","sweden","N/A","N/A","N/A","src/content/countries/countries.ts","2026-06-08T14:03:41+03:00","MATURE ENOUGH FOR EVIDENCE","116","YES","EXPECTED","0","0","129","0%","70.78","0","48","0%","70.12","53","DOWN","UNKNOWN","UNKNOWN","UNKNOWN","COMMERCIAL / PROBLEM-SOLUTION","NOT MEASURED IN GSC","EARLY SIGNAL","IMPROVE","LOW","GSC page evidence exists; classification is conservative and age-aware."
"https://www.kubera-automation.com/en/poland-automation","/en/poland-automation","REGIONAL / GEO","en","poland","N/A","N/A","N/A","src/content/countries/countries.ts","2026-06-08T14:03:41+03:00","MATURE ENOUGH FOR EVIDENCE","116","YES","EXPECTED","0","0","5","0%","7.2","0","4","0%","20.75","3","UP","UNKNOWN","UNKNOWN","UNKNOWN","COMMERCIAL / PROBLEM-SOLUTION","NOT MEASURED IN GSC","EARLY SIGNAL","IMPROVE","LOW","GSC page evidence exists; classification is conservative and age-aware."
"https://www.kubera-automation.com/en/estonia-automation","/en/estonia-automation","REGIONAL / GEO","en","estonia","N/A","N/A","N/A","src/content/countries/countries.ts","2026-06-08T14:03:41+03:00","MATURE ENOUGH FOR EVIDENCE","116","YES","EXPECTED","0","0","24","0%","30.33","0","4","0%","44.25","3","UP","UNKNOWN","UNKNOWN","UNKNOWN","COMMERCIAL / PROBLEM-SOLUTION","NOT MEASURED IN GSC","EARLY SIGNAL","IMPROVE","LOW","GSC page evidence exists; classification is conservative and age-aware."
"https://www.kubera-automation.com/en/denmark-automation","/en/denmark-automation","REGIONAL / GEO","en","denmark","N/A","N/A","N/A","src/content/countries/countries.ts","2026-06-08T14:03:41+03:00","MATURE ENOUGH FOR EVIDENCE","116","YES","EXPECTED","0","UNKNOWN","UNKNOWN","UNKNOWN","UNKNOWN","UNKNOWN","UNKNOWN","UNKNOWN","UNKNOWN","UNKNOWN","INSUFFICIENT DATA","UNKNOWN","UNKNOWN","UNKNOWN","COMMERCIAL / PROBLEM-SOLUTION","NOT MEASURED IN GSC","NO OBSERVED EVIDENCE","NEED MORE DATA","LOW","No row in supplied GSC page exports; absence is not proof of zero demand."
"https://www.kubera-automation.com/ai-automation-germany","/ai-automation-germany","REGIONAL / GEO","en","germany","N/A","N/A","N/A","src/content/geo/catalog.ts","2026-06-10T13:18:17+03:00","MATURE ENOUGH FOR EVIDENCE","114","YES","EXPECTED","1","UNKNOWN","UNKNOWN","UNKNOWN","UNKNOWN","UNKNOWN","UNKNOWN","UNKNOWN","UNKNOWN","UNKNOWN","INSUFFICIENT DATA","UNKNOWN","UNKNOWN","UNKNOWN","COMMERCIAL / PROBLEM-SOLUTION","NOT MEASURED IN GSC","NO OBSERVED EVIDENCE","NEED MORE DATA","LOW","No row in supplied GSC page exports; absence is not proof of zero demand."
"https://www.kubera-automation.com/ai-automation-netherlands","/ai-automation-netherlands","REGIONAL / GEO","en","netherlands","N/A","N/A","N/A","src/content/geo/catalog.ts","2026-06-10T13:18:17+03:00","MATURE ENOUGH FOR EVIDENCE","114","YES","EXPECTED","1","UNKNOWN","UNKNOWN","UNKNOWN","UNKNOWN","UNKNOWN","UNKNOWN","UNKNOWN","UNKNOWN","UNKNOWN","INSUFFICIENT DATA","UNKNOWN","UNKNOWN","UNKNOWN","COMMERCIAL / PROBLEM-SOLUTION","NOT MEASURED IN GSC","NO OBSERVED EVIDENCE","NEED MORE DATA","LOW","No row in supplied GSC page exports; absence is not proof of zero demand."
"https://www.kubera-automation.com/ai-automation-portugal","/ai-automation-portugal","REGIONAL / GEO","en","portugal","N/A","N/A","N/A","src/content/geo/catalog.ts","2026-06-10T13:18:17+03:00","MATURE ENOUGH FOR EVIDENCE","114","YES","EXPECTED","1","0","20","0%","35.4","UNKNOWN","UNKNOWN","UNKNOWN","UNKNOWN","20","INSUFFICIENT DATA","UNKNOWN","UNKNOWN","UNKNOWN","COMMERCIAL / PROBLEM-SOLUTION","NOT MEASURED IN GSC","EARLY SIGNAL","IMPROVE","LOW","GSC page evidence exists; classification is conservative and age-aware."
"https://www.kubera-automation.com/ai-automation-estonia","/ai-automation-estonia","REGIONAL / GEO","en","estonia","N/A","N/A","N/A","src/content/geo/catalog.ts","2026-06-10T13:18:17+03:00","MATURE ENOUGH FOR EVIDENCE","114","YES","EXPECTED","1","UNKNOWN","UNKNOWN","UNKNOWN","UNKNOWN","UNKNOWN","UNKNOWN","UNKNOWN","UNKNOWN","UNKNOWN","INSUFFICIENT DATA","UNKNOWN","UNKNOWN","UNKNOWN","COMMERCIAL / PROBLEM-SOLUTION","NOT MEASURED IN GSC","NO OBSERVED EVIDENCE","NEED MORE DATA","LOW","No row in supplied GSC page exports; absence is not proof of zero demand."
"https://www.kubera-automation.com/ai-automation-france","/ai-automation-france","REGIONAL / GEO","en","france","N/A","N/A","N/A","src/content/geo/catalog.ts","2026-06-10T13:18:17+03:00","MATURE ENOUGH FOR EVIDENCE","114","YES","EXPECTED","1","UNKNOWN","UNKNOWN","UNKNOWN","UNKNOWN","UNKNOWN","UNKNOWN","UNKNOWN","UNKNOWN","UNKNOWN","INSUFFICIENT DATA","UNKNOWN","UNKNOWN","UNKNOWN","COMMERCIAL / PROBLEM-SOLUTION","NOT MEASURED IN GSC","NO OBSERVED EVIDENCE","NEED MORE DATA","LOW","No row in supplied GSC page exports; absence is not proof of zero demand."
"https://www.kubera-automation.com/ai-automation-italy","/ai-automation-italy","REGIONAL / GEO","en","italy","N/A","N/A","N/A","src/content/geo/catalog.ts","2026-06-10T13:18:17+03:00","MATURE ENOUGH FOR EVIDENCE","114","YES","EXPECTED","1","UNKNOWN","UNKNOWN","UNKNOWN","UNKNOWN","UNKNOWN","UNKNOWN","UNKNOWN","UNKNOWN","UNKNOWN","INSUFFICIENT DATA","UNKNOWN","UNKNOWN","UNKNOWN","COMMERCIAL / PROBLEM-SOLUTION","NOT MEASURED IN GSC","NO OBSERVED EVIDENCE","NEED MORE DATA","LOW","No row in supplied GSC page exports; absence is not proof of zero demand."
"https://www.kubera-automation.com/ai-automation-belgium","/ai-automation-belgium","REGIONAL / GEO","en","belgium","N/A","N/A","N/A","src/content/geo/catalog.ts","2026-06-10T13:18:17+03:00","MATURE ENOUGH FOR EVIDENCE","114","YES","EXPECTED","1","UNKNOWN","UNKNOWN","UNKNOWN","UNKNOWN","UNKNOWN","UNKNOWN","UNKNOWN","UNKNOWN","UNKNOWN","INSUFFICIENT DATA","UNKNOWN","UNKNOWN","UNKNOWN","COMMERCIAL / PROBLEM-SOLUTION","NOT MEASURED IN GSC","NO OBSERVED EVIDENCE","NEED MORE DATA","LOW","No row in supplied GSC page exports; absence is not proof of zero demand."
"https://www.kubera-automation.com/ai-automation-austria","/ai-automation-austria","REGIONAL / GEO","en","austria","N/A","N/A","N/A","src/content/geo/catalog.ts","2026-06-10T13:18:17+03:00","MATURE ENOUGH FOR EVIDENCE","114","YES","EXPECTED","1","UNKNOWN","UNKNOWN","UNKNOWN","UNKNOWN","UNKNOWN","UNKNOWN","UNKNOWN","UNKNOWN","UNKNOWN","INSUFFICIENT DATA","UNKNOWN","UNKNOWN","UNKNOWN","COMMERCIAL / PROBLEM-SOLUTION","NOT MEASURED IN GSC","NO OBSERVED EVIDENCE","NEED MORE DATA","LOW","No row in supplied GSC page exports; absence is not proof of zero demand."
"https://www.kubera-automation.com/ai-automation-switzerland","/ai-automation-switzerland","REGIONAL / GEO","en","switzerland","N/A","N/A","N/A","src/content/geo/catalog.ts","2026-06-10T13:18:17+03:00","MATURE ENOUGH FOR EVIDENCE","114","YES","EXPECTED","1","UNKNOWN","UNKNOWN","UNKNOWN","UNKNOWN","UNKNOWN","UNKNOWN","UNKNOWN","UNKNOWN","UNKNOWN","INSUFFICIENT DATA","UNKNOWN","UNKNOWN","UNKNOWN","COMMERCIAL / PROBLEM-SOLUTION","NOT MEASURED IN GSC","NO OBSERVED EVIDENCE","NEED MORE DATA","LOW","No row in supplied GSC page exports; absence is not proof of zero demand."
"https://www.kubera-automation.com/ai-automation-ireland","/ai-automation-ireland","REGIONAL / GEO","en","ireland","N/A","N/A","N/A","src/content/geo/catalog.ts","2026-06-10T13:18:17+03:00","MATURE ENOUGH FOR EVIDENCE","114","YES","EXPECTED","1","UNKNOWN","UNKNOWN","UNKNOWN","UNKNOWN","UNKNOWN","UNKNOWN","UNKNOWN","UNKNOWN","UNKNOWN","INSUFFICIENT DATA","UNKNOWN","UNKNOWN","UNKNOWN","COMMERCIAL / PROBLEM-SOLUTION","NOT MEASURED IN GSC","NO OBSERVED EVIDENCE","NEED MORE DATA","LOW","No row in supplied GSC page exports; absence is not proof of zero demand."
"https://www.kubera-automation.com/ai-automation-cyprus","/ai-automation-cyprus","REGIONAL / GEO","en","cyprus","N/A","N/A","N/A","src/content/geo/catalog.ts","2026-06-10T13:18:17+03:00","MATURE ENOUGH FOR EVIDENCE","114","YES","EXPECTED","1","UNKNOWN","UNKNOWN","UNKNOWN","UNKNOWN","UNKNOWN","UNKNOWN","UNKNOWN","UNKNOWN","UNKNOWN","INSUFFICIENT DATA","UNKNOWN","UNKNOWN","UNKNOWN","COMMERCIAL / PROBLEM-SOLUTION","NOT MEASURED IN GSC","NO OBSERVED EVIDENCE","NEED MORE DATA","LOW","No row in supplied GSC page exports; absence is not proof of zero demand."
"https://www.kubera-automation.com/ai-automation-finland","/ai-automation-finland","REGIONAL / GEO","en","finland","N/A","N/A","N/A","src/content/geo/catalog.ts","2026-06-10T13:18:17+03:00","MATURE ENOUGH FOR EVIDENCE","114","YES","EXPECTED","1","UNKNOWN","UNKNOWN","UNKNOWN","UNKNOWN","UNKNOWN","UNKNOWN","UNKNOWN","UNKNOWN","UNKNOWN","INSUFFICIENT DATA","UNKNOWN","UNKNOWN","UNKNOWN","COMMERCIAL / PROBLEM-SOLUTION","NOT MEASURED IN GSC","NO OBSERVED EVIDENCE","NEED MORE DATA","LOW","No row in supplied GSC page exports; absence is not proof of zero demand."
"https://www.kubera-automation.com/ai-automation-sweden","/ai-automation-sweden","REGIONAL / GEO","en","sweden","N/A","N/A","N/A","src/content/geo/catalog.ts","2026-06-10T13:18:17+03:00","MATURE ENOUGH FOR EVIDENCE","114","YES","EXPECTED","1","0","10","0%","38.1","0","1","0%","10","UNKNOWN","INSUFFICIENT DATA","UNKNOWN","UNKNOWN","UNKNOWN","COMMERCIAL / PROBLEM-SOLUTION","NOT MEASURED IN GSC","EARLY SIGNAL","IMPROVE","LOW","GSC page evidence exists; classification is conservative and age-aware."
"https://www.kubera-automation.com/ai-automation-denmark","/ai-automation-denmark","REGIONAL / GEO","en","denmark","N/A","N/A","N/A","src/content/geo/catalog.ts","2026-06-10T13:18:17+03:00","MATURE ENOUGH FOR EVIDENCE","114","YES","EXPECTED","1","UNKNOWN","UNKNOWN","UNKNOWN","UNKNOWN","UNKNOWN","UNKNOWN","UNKNOWN","UNKNOWN","UNKNOWN","INSUFFICIENT DATA","UNKNOWN","UNKNOWN","UNKNOWN","COMMERCIAL / PROBLEM-SOLUTION","NOT MEASURED IN GSC","NO OBSERVED EVIDENCE","NEED MORE DATA","LOW","No row in supplied GSC page exports; absence is not proof of zero demand."
"https://www.kubera-automation.com/ai-automation-poland","/ai-automation-poland","REGIONAL / GEO","en","poland","N/A","N/A","N/A","src/content/geo/catalog.ts","2026-06-10T13:18:17+03:00","MATURE ENOUGH FOR EVIDENCE","114","YES","EXPECTED","1","UNKNOWN","UNKNOWN","UNKNOWN","UNKNOWN","UNKNOWN","UNKNOWN","UNKNOWN","UNKNOWN","UNKNOWN","INSUFFICIENT DATA","UNKNOWN","UNKNOWN","UNKNOWN","COMMERCIAL / PROBLEM-SOLUTION","NOT MEASURED IN GSC","NO OBSERVED EVIDENCE","NEED MORE DATA","LOW","No row in supplied GSC page exports; absence is not proof of zero demand."
"https://www.kubera-automation.com/ai-automation-lithuania","/ai-automation-lithuania","REGIONAL / GEO","en","lithuania","N/A","N/A","N/A","src/content/geo/catalog.ts","2026-06-10T13:18:17+03:00","MATURE ENOUGH FOR EVIDENCE","114","YES","EXPECTED","1","UNKNOWN","UNKNOWN","UNKNOWN","UNKNOWN","UNKNOWN","UNKNOWN","UNKNOWN","UNKNOWN","UNKNOWN","INSUFFICIENT DATA","UNKNOWN","UNKNOWN","UNKNOWN","COMMERCIAL / PROBLEM-SOLUTION","NOT MEASURED IN GSC","NO OBSERVED EVIDENCE","NEED MORE DATA","LOW","No row in supplied GSC page exports; absence is not proof of zero demand."
"https://www.kubera-automation.com/ai-automation-latvia","/ai-automation-latvia","REGIONAL / GEO","en","latvia","N/A","N/A","N/A","src/content/geo/catalog.ts","2026-06-10T13:18:17+03:00","MATURE ENOUGH FOR EVIDENCE","114","YES","EXPECTED","1","UNKNOWN","UNKNOWN","UNKNOWN","UNKNOWN","UNKNOWN","UNKNOWN","UNKNOWN","UNKNOWN","UNKNOWN","INSUFFICIENT DATA","UNKNOWN","UNKNOWN","UNKNOWN","COMMERCIAL / PROBLEM-SOLUTION","NOT MEASURED IN GSC","NO OBSERVED EVIDENCE","NEED MORE DATA","LOW","No row in supplied GSC page exports; absence is not proof of zero demand."
"https://www.kubera-automation.com/en/solutions/austria/boutique-hotel-automation","/en/solutions/austria/boutique-hotel-automation","COMMERCIAL / INDUSTRY","en","austria","boutique-hotel-automation","boutique-hotel-automation","N/A","src\content\industry-solutions-austria.ts","2026-07-03T18:50:22+03:00","MATURE ENOUGH FOR EVIDENCE","91","YES","EXPECTED","1","1","2","50%","3.5","0","1","0%","3","UNKNOWN","INSUFFICIENT DATA","UNKNOWN","UNKNOWN","UNKNOWN","COMMERCIAL / PROBLEM-SOLUTION","NOT MEASURED IN GSC","EARLY SIGNAL","IMPROVE","LOW","GSC page evidence exists; classification is conservative and age-aware."
"https://www.kubera-automation.com/en/solutions/austria/dental-clinic-automation","/en/solutions/austria/dental-clinic-automation","COMMERCIAL / INDUSTRY","en","austria","dental-clinic-automation","dental-clinic-automation","N/A","src\content\industry-solutions-austria.ts","2026-07-03T18:50:22+03:00","MATURE ENOUGH FOR EVIDENCE","91","YES","EXPECTED","1","0","2","0%","5","0","1","0%","9","UNKNOWN","INSUFFICIENT DATA","UNKNOWN","UNKNOWN","UNKNOWN","COMMERCIAL / PROBLEM-SOLUTION","NOT MEASURED IN GSC","EARLY SIGNAL","IMPROVE","LOW","GSC page evidence exists; classification is conservative and age-aware."
"https://www.kubera-automation.com/en/solutions/austria/real-estate-automation","/en/solutions/austria/real-estate-automation","COMMERCIAL / INDUSTRY","en","austria","real-estate-automation","real-estate-automation","N/A","src\content\industry-solutions-austria.ts","2026-07-03T18:50:22+03:00","MATURE ENOUGH FOR EVIDENCE","91","YES","EXPECTED","1","0","6","0%","5.33","0","1","0%","7","UNKNOWN","INSUFFICIENT DATA","UNKNOWN","UNKNOWN","UNKNOWN","COMMERCIAL / PROBLEM-SOLUTION","NOT MEASURED IN GSC","EARLY SIGNAL","IMPROVE","LOW","GSC page evidence exists; classification is conservative and age-aware."
"https://www.kubera-automation.com/en/solutions/belgium/multilingual-automation","/en/solutions/belgium/multilingual-automation","COMMERCIAL / INDUSTRY","en","belgium","multilingual-automation","multilingual-automation","N/A","src\content\industry-solutions-belgium.ts","2026-07-03T01:07:56+03:00","MATURE ENOUGH FOR EVIDENCE","92","YES","EXPECTED","1","0","17","0%","16.06","0","7","0%","4.86","UNKNOWN","INSUFFICIENT DATA","UNKNOWN","UNKNOWN","UNKNOWN","COMMERCIAL / PROBLEM-SOLUTION","NOT MEASURED IN GSC","EARLY SIGNAL","IMPROVE","LOW","GSC page evidence exists; classification is conservative and age-aware."
"https://www.kubera-automation.com/en/solutions/belgium/real-estate-automation","/en/solutions/belgium/real-estate-automation","COMMERCIAL / INDUSTRY","en","belgium","real-estate-automation","real-estate-automation","N/A","src\content\industry-solutions-belgium.ts","2026-07-03T01:07:56+03:00","MATURE ENOUGH FOR EVIDENCE","92","YES","EXPECTED","1","0","20","0%","4.55","0","5","0%","2","UNKNOWN","INSUFFICIENT DATA","UNKNOWN","UNKNOWN","UNKNOWN","COMMERCIAL / PROBLEM-SOLUTION","NOT MEASURED IN GSC","EARLY SIGNAL","IMPROVE","LOW","GSC page evidence exists; classification is conservative and age-aware."
"https://www.kubera-automation.com/en/solutions/belgium/recruitment-automation","/en/solutions/belgium/recruitment-automation","COMMERCIAL / INDUSTRY","en","belgium","recruitment-automation","recruitment-automation","N/A","src\content\industry-solutions-belgium.ts","2026-07-03T01:07:56+03:00","MATURE ENOUGH FOR EVIDENCE","92","YES","EXPECTED","1","0","1","0%","1","UNKNOWN","UNKNOWN","UNKNOWN","UNKNOWN","1","INSUFFICIENT DATA","UNKNOWN","UNKNOWN","UNKNOWN","COMMERCIAL / PROBLEM-SOLUTION","NOT MEASURED IN GSC","EARLY SIGNAL","IMPROVE","LOW","GSC page evidence exists; classification is conservative and age-aware."
"https://www.kubera-automation.com/en/solutions/cyprus/boutique-hotel-automation","/en/solutions/cyprus/boutique-hotel-automation","COMMERCIAL / INDUSTRY","en","cyprus","boutique-hotel-automation","boutique-hotel-automation","N/A","src\content\industry-solutions-cyprus.ts","2026-07-03T20:14:52+03:00","MATURE ENOUGH FOR EVIDENCE","91","YES","EXPECTED","1","0","8","0%","4.25","0","8","0%","4.25","UNKNOWN","INSUFFICIENT DATA","UNKNOWN","UNKNOWN","UNKNOWN","COMMERCIAL / PROBLEM-SOLUTION","NOT MEASURED IN GSC","EARLY SIGNAL","IMPROVE","LOW","GSC page evidence exists; classification is conservative and age-aware."
"https://www.kubera-automation.com/en/solutions/cyprus/real-estate-automation","/en/solutions/cyprus/real-estate-automation","COMMERCIAL / INDUSTRY","en","cyprus","real-estate-automation","real-estate-automation","N/A","src\content\industry-solutions-cyprus.ts","2026-07-03T20:14:52+03:00","MATURE ENOUGH FOR EVIDENCE","91","YES","EXPECTED","1","0","220","0%","65.69","0","78","0%","40.62","47","UP","UNKNOWN","UNKNOWN","UNKNOWN","COMMERCIAL / PROBLEM-SOLUTION","NOT MEASURED IN GSC","EARLY SIGNAL","IMPROVE","LOW","GSC page evidence exists; classification is conservative and age-aware."
"https://www.kubera-automation.com/en/solutions/cyprus/recruitment-automation","/en/solutions/cyprus/recruitment-automation","COMMERCIAL / INDUSTRY","en","cyprus","recruitment-automation","recruitment-automation","N/A","src\content\industry-solutions-cyprus.ts","2026-07-03T20:14:52+03:00","MATURE ENOUGH FOR EVIDENCE","91","YES","EXPECTED","1","0","12","0%","18.08","0","6","0%","14.83","2","UP","UNKNOWN","UNKNOWN","UNKNOWN","COMMERCIAL / PROBLEM-SOLUTION","NOT MEASURED IN GSC","EARLY SIGNAL","IMPROVE","LOW","GSC page evidence exists; classification is conservative and age-aware."
"https://www.kubera-automation.com/en/solutions/denmark/boutique-hotel-automation","/en/solutions/denmark/boutique-hotel-automation","COMMERCIAL / INDUSTRY","en","denmark","boutique-hotel-automation","boutique-hotel-automation","N/A","src\content\industry-solutions-denmark.ts","2026-07-03T00:27:00+03:00","MATURE ENOUGH FOR EVIDENCE","92","YES","EXPECTED","1","UNKNOWN","UNKNOWN","UNKNOWN","UNKNOWN","UNKNOWN","UNKNOWN","UNKNOWN","UNKNOWN","UNKNOWN","INSUFFICIENT DATA","UNKNOWN","UNKNOWN","UNKNOWN","COMMERCIAL / PROBLEM-SOLUTION","NOT MEASURED IN GSC","NO OBSERVED EVIDENCE","NEED MORE DATA","LOW","No row in supplied GSC page exports; absence is not proof of zero demand."
"https://www.kubera-automation.com/en/solutions/denmark/recruitment-automation","/en/solutions/denmark/recruitment-automation","COMMERCIAL / INDUSTRY","en","denmark","recruitment-automation","recruitment-automation","N/A","src\content\industry-solutions-denmark.ts","2026-07-03T00:27:00+03:00","MATURE ENOUGH FOR EVIDENCE","92","YES","EXPECTED","1","0","6","0%","7.83","0","2","0%","9.5","1","UP","UNKNOWN","UNKNOWN","UNKNOWN","COMMERCIAL / PROBLEM-SOLUTION","NOT MEASURED IN GSC","EARLY SIGNAL","IMPROVE","LOW","GSC page evidence exists; classification is conservative and age-aware."
"https://www.kubera-automation.com/en/solutions/denmark/cleantech-automation","/en/solutions/denmark/cleantech-automation","COMMERCIAL / INDUSTRY","en","denmark","cleantech-automation","cleantech-automation","N/A","src\content\industry-solutions-denmark.ts","2026-07-03T00:27:00+03:00","MATURE ENOUGH FOR EVIDENCE","92","YES","EXPECTED","1","0","6","0%","21.67","0","1","0%","5","1","FLAT","UNKNOWN","UNKNOWN","UNKNOWN","COMMERCIAL / PROBLEM-SOLUTION","NOT MEASURED IN GSC","EARLY SIGNAL","IMPROVE","LOW","GSC page evidence exists; classification is conservative and age-aware."
"https://www.kubera-automation.com/en/solutions/estonia/e-commerce-automation","/en/solutions/estonia/e-commerce-automation","COMMERCIAL / INDUSTRY","en","estonia","e-commerce-automation","e-commerce-automation","N/A","src\content\industry-solutions-estonia.ts","2026-07-02T23:58:37+03:00","MATURE ENOUGH FOR EVIDENCE","92","YES","EXPECTED","1","0","7","0%","5.43","0","1","0%","1","2","DOWN","UNKNOWN","UNKNOWN","UNKNOWN","COMMERCIAL / PROBLEM-SOLUTION","NOT MEASURED IN GSC","EARLY SIGNAL","IMPROVE","LOW","GSC page evidence exists; classification is conservative and age-aware."
"https://www.kubera-automation.com/en/solutions/estonia/saas-startup-automation","/en/solutions/estonia/saas-startup-automation","COMMERCIAL / INDUSTRY","en","estonia","saas-startup-automation","saas-startup-automation","N/A","src\content\industry-solutions-estonia.ts","2026-07-02T23:58:37+03:00","MATURE ENOUGH FOR EVIDENCE","92","YES","EXPECTED","1","0","6","0%","18.83","0","1","0%","8","4","DOWN","UNKNOWN","UNKNOWN","UNKNOWN","COMMERCIAL / PROBLEM-SOLUTION","NOT MEASURED IN GSC","EARLY SIGNAL","IMPROVE","LOW","GSC page evidence exists; classification is conservative and age-aware."
"https://www.kubera-automation.com/en/solutions/estonia/real-estate-automation","/en/solutions/estonia/real-estate-automation","COMMERCIAL / INDUSTRY","en","estonia","real-estate-automation","real-estate-automation","N/A","src\content\industry-solutions-estonia.ts","2026-07-02T23:58:37+03:00","MATURE ENOUGH FOR EVIDENCE","92","YES","EXPECTED","1","0","2","0%","8.5","UNKNOWN","UNKNOWN","UNKNOWN","UNKNOWN","2","INSUFFICIENT DATA","UNKNOWN","UNKNOWN","UNKNOWN","COMMERCIAL / PROBLEM-SOLUTION","NOT MEASURED IN GSC","EARLY SIGNAL","IMPROVE","LOW","GSC page evidence exists; classification is conservative and age-aware."
"https://www.kubera-automation.com/en/solutions/finland/saas-startup-automation","/en/solutions/finland/saas-startup-automation","COMMERCIAL / INDUSTRY","en","finland","saas-startup-automation","saas-startup-automation","N/A","src\content\industry-solutions-finland.ts","2026-07-03T17:51:36+03:00","MATURE ENOUGH FOR EVIDENCE","91","YES","EXPECTED","1","0","156","0%","33.1","0","49","0%","26.59","80","DOWN","UNKNOWN","UNKNOWN","UNKNOWN","COMMERCIAL / PROBLEM-SOLUTION","NOT MEASURED IN GSC","EARLY SIGNAL","IMPROVE","LOW","GSC page evidence exists; classification is conservative and age-aware."
"https://www.kubera-automation.com/en/solutions/finland/real-estate-automation","/en/solutions/finland/real-estate-automation","COMMERCIAL / INDUSTRY","en","finland","real-estate-automation","real-estate-automation","N/A","src\content\industry-solutions-finland.ts","2026-07-03T17:51:36+03:00","MATURE ENOUGH FOR EVIDENCE","91","YES","EXPECTED","1","0","1","0%","3","0","1","0%","3","UNKNOWN","INSUFFICIENT DATA","UNKNOWN","UNKNOWN","UNKNOWN","COMMERCIAL / PROBLEM-SOLUTION","NOT MEASURED IN GSC","EARLY SIGNAL","IMPROVE","LOW","GSC page evidence exists; classification is conservative and age-aware."
"https://www.kubera-automation.com/en/solutions/finland/recruitment-automation","/en/solutions/finland/recruitment-automation","COMMERCIAL / INDUSTRY","en","finland","recruitment-automation","recruitment-automation","N/A","src\content\industry-solutions-finland.ts","2026-07-03T17:51:36+03:00","MATURE ENOUGH FOR EVIDENCE","91","YES","EXPECTED","1","0","3","0%","2","UNKNOWN","UNKNOWN","UNKNOWN","UNKNOWN","UNKNOWN","INSUFFICIENT DATA","UNKNOWN","UNKNOWN","UNKNOWN","COMMERCIAL / PROBLEM-SOLUTION","NOT MEASURED IN GSC","EARLY SIGNAL","IMPROVE","LOW","GSC page evidence exists; classification is conservative and age-aware."
"https://www.kubera-automation.com/en/solutions/ireland/tech-startup-automation","/en/solutions/ireland/tech-startup-automation","COMMERCIAL / INDUSTRY","en","ireland","tech-startup-automation","tech-startup-automation","N/A","src\content\industry-solutions-ireland.ts","2026-07-02T23:32:33+03:00","MATURE ENOUGH FOR EVIDENCE","92","YES","EXPECTED","1","0","14","0%","6.93","UNKNOWN","UNKNOWN","UNKNOWN","UNKNOWN","UNKNOWN","INSUFFICIENT DATA","UNKNOWN","UNKNOWN","UNKNOWN","COMMERCIAL / PROBLEM-SOLUTION","NOT MEASURED IN GSC","EARLY SIGNAL","IMPROVE","LOW","GSC page evidence exists; classification is conservative and age-aware."
"https://www.kubera-automation.com/en/solutions/ireland/real-estate-automation","/en/solutions/ireland/real-estate-automation","COMMERCIAL / INDUSTRY","en","ireland","real-estate-automation","real-estate-automation","N/A","src\content\industry-solutions-ireland.ts","2026-07-02T23:32:33+03:00","MATURE ENOUGH FOR EVIDENCE","92","YES","EXPECTED","1","1","36","2.78%","16.58","0","24","0%","9.21","UNKNOWN","INSUFFICIENT DATA","UNKNOWN","UNKNOWN","UNKNOWN","COMMERCIAL / PROBLEM-SOLUTION","NOT MEASURED IN GSC","EARLY SIGNAL","IMPROVE","LOW","GSC page evidence exists; classification is conservative and age-aware."
"https://www.kubera-automation.com/en/solutions/ireland/recruitment-automation","/en/solutions/ireland/recruitment-automation","COMMERCIAL / INDUSTRY","en","ireland","recruitment-automation","recruitment-automation","N/A","src\content\industry-solutions-ireland.ts","2026-07-02T23:32:33+03:00","MATURE ENOUGH FOR EVIDENCE","92","YES","EXPECTED","1","0","23","0%","47.13","0","1","0%","17","1","FLAT","UNKNOWN","UNKNOWN","UNKNOWN","COMMERCIAL / PROBLEM-SOLUTION","NOT MEASURED IN GSC","EARLY SIGNAL","IMPROVE","LOW","GSC page evidence exists; classification is conservative and age-aware."
"https://www.kubera-automation.com/en/solutions/italy/fashion-boutique-automation","/en/solutions/italy/fashion-boutique-automation","COMMERCIAL / INDUSTRY","en","italy","fashion-boutique-automation","fashion-boutique-automation","N/A","src\content\industry-solutions-italy.ts","2026-07-03T01:52:39+03:00","MATURE ENOUGH FOR EVIDENCE","92","YES","EXPECTED","1","0","8","0%","23.88","UNKNOWN","UNKNOWN","UNKNOWN","UNKNOWN","6","INSUFFICIENT DATA","UNKNOWN","UNKNOWN","UNKNOWN","COMMERCIAL / PROBLEM-SOLUTION","NOT MEASURED IN GSC","EARLY SIGNAL","IMPROVE","LOW","GSC page evidence exists; classification is conservative and age-aware."
"https://www.kubera-automation.com/en/solutions/italy/dental-clinic-automation","/en/solutions/italy/dental-clinic-automation","COMMERCIAL / INDUSTRY","en","italy","dental-clinic-automation","dental-clinic-automation","N/A","src\content\industry-solutions-italy.ts","2026-07-03T01:52:39+03:00","MATURE ENOUGH FOR EVIDENCE","92","YES","EXPECTED","1","0","7","0%","5.14","0","1","0%","2","3","DOWN","UNKNOWN","UNKNOWN","UNKNOWN","COMMERCIAL / PROBLEM-SOLUTION","NOT MEASURED IN GSC","EARLY SIGNAL","IMPROVE","LOW","GSC page evidence exists; classification is conservative and age-aware."
"https://www.kubera-automation.com/en/solutions/italy/boutique-hotel-automation","/en/solutions/italy/boutique-hotel-automation","COMMERCIAL / INDUSTRY","en","italy","boutique-hotel-automation","boutique-hotel-automation","N/A","src\content\industry-solutions-italy.ts","2026-07-03T01:52:39+03:00","MATURE ENOUGH FOR EVIDENCE","92","YES","EXPECTED","1","0","2","0%","9","0","1","0%","10","UNKNOWN","INSUFFICIENT DATA","UNKNOWN","UNKNOWN","UNKNOWN","COMMERCIAL / PROBLEM-SOLUTION","NOT MEASURED IN GSC","EARLY SIGNAL","IMPROVE","LOW","GSC page evidence exists; classification is conservative and age-aware."
"https://www.kubera-automation.com/en/solutions/latvia/e-commerce-automation","/en/solutions/latvia/e-commerce-automation","COMMERCIAL / INDUSTRY","en","latvia","e-commerce-automation","e-commerce-automation","N/A","src\content\industry-solutions-latvia.ts","2026-07-03T19:42:32+03:00","MATURE ENOUGH FOR EVIDENCE","91","YES","EXPECTED","1","0","2","0%","3","UNKNOWN","UNKNOWN","UNKNOWN","UNKNOWN","1","INSUFFICIENT DATA","UNKNOWN","UNKNOWN","UNKNOWN","COMMERCIAL / PROBLEM-SOLUTION","NOT MEASURED IN GSC","EARLY SIGNAL","IMPROVE","LOW","GSC page evidence exists; classification is conservative and age-aware."
"https://www.kubera-automation.com/en/solutions/latvia/recruitment-automation","/en/solutions/latvia/recruitment-automation","COMMERCIAL / INDUSTRY","en","latvia","recruitment-automation","recruitment-automation","N/A","src\content\industry-solutions-latvia.ts","2026-07-03T19:42:32+03:00","MATURE ENOUGH FOR EVIDENCE","91","YES","EXPECTED","1","0","4","0%","7.75","0","1","0%","8","1","FLAT","UNKNOWN","UNKNOWN","UNKNOWN","COMMERCIAL / PROBLEM-SOLUTION","NOT MEASURED IN GSC","EARLY SIGNAL","IMPROVE","LOW","GSC page evidence exists; classification is conservative and age-aware."
"https://www.kubera-automation.com/en/solutions/latvia/real-estate-automation","/en/solutions/latvia/real-estate-automation","COMMERCIAL / INDUSTRY","en","latvia","real-estate-automation","real-estate-automation","N/A","src\content\industry-solutions-latvia.ts","2026-07-03T19:42:32+03:00","MATURE ENOUGH FOR EVIDENCE","91","YES","EXPECTED","1","0","9","0%","5.78","UNKNOWN","UNKNOWN","UNKNOWN","UNKNOWN","3","INSUFFICIENT DATA","UNKNOWN","UNKNOWN","UNKNOWN","COMMERCIAL / PROBLEM-SOLUTION","NOT MEASURED IN GSC","EARLY SIGNAL","IMPROVE","LOW","GSC page evidence exists; classification is conservative and age-aware."
"https://www.kubera-automation.com/en/solutions/lithuania/e-commerce-automation","/en/solutions/lithuania/e-commerce-automation","COMMERCIAL / INDUSTRY","en","lithuania","e-commerce-automation","e-commerce-automation","N/A","src\content\industry-solutions-lithuania.ts","2026-07-03T19:17:09+03:00","MATURE ENOUGH FOR EVIDENCE","91","YES","EXPECTED","1","0","22","0%","16.55","0","18","0%","19.56","UNKNOWN","INSUFFICIENT DATA","UNKNOWN","UNKNOWN","UNKNOWN","COMMERCIAL / PROBLEM-SOLUTION","NOT MEASURED IN GSC","EARLY SIGNAL","IMPROVE","LOW","GSC page evidence exists; classification is conservative and age-aware."
"https://www.kubera-automation.com/en/solutions/lithuania/recruitment-automation","/en/solutions/lithuania/recruitment-automation","COMMERCIAL / INDUSTRY","en","lithuania","recruitment-automation","recruitment-automation","N/A","src\content\industry-solutions-lithuania.ts","2026-07-03T19:17:09+03:00","MATURE ENOUGH FOR EVIDENCE","91","YES","EXPECTED","1","0","4","0%","6.5","0","1","0%","10","UNKNOWN","INSUFFICIENT DATA","UNKNOWN","UNKNOWN","UNKNOWN","COMMERCIAL / PROBLEM-SOLUTION","NOT MEASURED IN GSC","EARLY SIGNAL","IMPROVE","LOW","GSC page evidence exists; classification is conservative and age-aware."
"https://www.kubera-automation.com/en/solutions/lithuania/real-estate-automation","/en/solutions/lithuania/real-estate-automation","COMMERCIAL / INDUSTRY","en","lithuania","real-estate-automation","real-estate-automation","N/A","src\content\industry-solutions-lithuania.ts","2026-07-03T19:17:09+03:00","MATURE ENOUGH FOR EVIDENCE","91","YES","EXPECTED","1","0","10","0%","3.7","0","1","0%","8","2","DOWN","UNKNOWN","UNKNOWN","UNKNOWN","COMMERCIAL / PROBLEM-SOLUTION","NOT MEASURED IN GSC","EARLY SIGNAL","IMPROVE","LOW","GSC page evidence exists; classification is conservative and age-aware."
"https://www.kubera-automation.com/en/solutions/poland/e-commerce-automation","/en/solutions/poland/e-commerce-automation","COMMERCIAL / INDUSTRY","en","poland","e-commerce-automation","e-commerce-automation","N/A","src\content\industry-solutions-poland.ts","2026-07-03T17:12:08+03:00","MATURE ENOUGH FOR EVIDENCE","91","YES","EXPECTED","1","0","75","0%","52.39","0","1","0%","7","6","DOWN","UNKNOWN","UNKNOWN","UNKNOWN","COMMERCIAL / PROBLEM-SOLUTION","NOT MEASURED IN GSC","EARLY SIGNAL","IMPROVE","LOW","GSC page evidence exists; classification is conservative and age-aware."
"https://www.kubera-automation.com/en/solutions/poland/recruitment-automation","/en/solutions/poland/recruitment-automation","COMMERCIAL / INDUSTRY","en","poland","recruitment-automation","recruitment-automation","N/A","src\content\industry-solutions-poland.ts","2026-07-03T17:12:08+03:00","MATURE ENOUGH FOR EVIDENCE","91","YES","EXPECTED","1","0","8","0%","60.88","UNKNOWN","UNKNOWN","UNKNOWN","UNKNOWN","1","INSUFFICIENT DATA","UNKNOWN","UNKNOWN","UNKNOWN","COMMERCIAL / PROBLEM-SOLUTION","NOT MEASURED IN GSC","EARLY SIGNAL","IMPROVE","LOW","GSC page evidence exists; classification is conservative and age-aware."
"https://www.kubera-automation.com/en/solutions/poland/real-estate-automation","/en/solutions/poland/real-estate-automation","COMMERCIAL / INDUSTRY","en","poland","real-estate-automation","real-estate-automation","N/A","src\content\industry-solutions-poland.ts","2026-07-03T17:12:08+03:00","MATURE ENOUGH FOR EVIDENCE","91","YES","EXPECTED","1","0","6","0%","5.17","0","1","0%","8","1","FLAT","UNKNOWN","UNKNOWN","UNKNOWN","COMMERCIAL / PROBLEM-SOLUTION","NOT MEASURED IN GSC","EARLY SIGNAL","IMPROVE","LOW","GSC page evidence exists; classification is conservative and age-aware."
"https://www.kubera-automation.com/en/solutions/sweden/saas-startup-automation","/en/solutions/sweden/saas-startup-automation","COMMERCIAL / INDUSTRY","en","sweden","saas-startup-automation","saas-startup-automation","N/A","src\content\industry-solutions-sweden.ts","2026-07-03T18:25:18+03:00","MATURE ENOUGH FOR EVIDENCE","91","YES","EXPECTED","1","0","44","0%","37.5","0","1","0%","9","3","DOWN","UNKNOWN","UNKNOWN","UNKNOWN","COMMERCIAL / PROBLEM-SOLUTION","NOT MEASURED IN GSC","EARLY SIGNAL","IMPROVE","LOW","GSC page evidence exists; classification is conservative and age-aware."
"https://www.kubera-automation.com/en/solutions/sweden/recruitment-automation","/en/solutions/sweden/recruitment-automation","COMMERCIAL / INDUSTRY","en","sweden","recruitment-automation","recruitment-automation","N/A","src\content\industry-solutions-sweden.ts","2026-07-03T18:25:18+03:00","MATURE ENOUGH FOR EVIDENCE","91","YES","EXPECTED","1","0","9","0%","20.22","0","7","0%","24.57","UNKNOWN","INSUFFICIENT DATA","UNKNOWN","UNKNOWN","UNKNOWN","COMMERCIAL / PROBLEM-SOLUTION","NOT MEASURED IN GSC","EARLY SIGNAL","IMPROVE","LOW","GSC page evidence exists; classification is conservative and age-aware."
"https://www.kubera-automation.com/en/solutions/sweden/real-estate-automation","/en/solutions/sweden/real-estate-automation","COMMERCIAL / INDUSTRY","en","sweden","real-estate-automation","real-estate-automation","N/A","src\content\industry-solutions-sweden.ts","2026-07-03T18:25:18+03:00","MATURE ENOUGH FOR EVIDENCE","91","YES","EXPECTED","1","0","18","0%","4.72","0","7","0%","3.71","3","UP","UNKNOWN","UNKNOWN","UNKNOWN","COMMERCIAL / PROBLEM-SOLUTION","NOT MEASURED IN GSC","EARLY SIGNAL","IMPROVE","LOW","GSC page evidence exists; classification is conservative and age-aware."
"https://www.kubera-automation.com/en/solutions/switzerland/luxury-hotel-automation","/en/solutions/switzerland/luxury-hotel-automation","COMMERCIAL / INDUSTRY","en","switzerland","luxury-hotel-automation","luxury-hotel-automation","N/A","src\content\industry-solutions-switzerland.ts","2026-07-03T16:46:31+03:00","MATURE ENOUGH FOR EVIDENCE","91","YES","EXPECTED","1","0","9","0%","9.44","UNKNOWN","UNKNOWN","UNKNOWN","UNKNOWN","1","INSUFFICIENT DATA","UNKNOWN","UNKNOWN","UNKNOWN","COMMERCIAL / PROBLEM-SOLUTION","NOT MEASURED IN GSC","EARLY SIGNAL","IMPROVE","LOW","GSC page evidence exists; classification is conservative and age-aware."
"https://www.kubera-automation.com/en/solutions/switzerland/real-estate-automation","/en/solutions/switzerland/real-estate-automation","COMMERCIAL / INDUSTRY","en","switzerland","real-estate-automation","real-estate-automation","N/A","src\content\industry-solutions-switzerland.ts","2026-07-03T16:46:31+03:00","MATURE ENOUGH FOR EVIDENCE","91","YES","EXPECTED","1","0","4","0%","5.25","0","1","0%","3","2","DOWN","UNKNOWN","UNKNOWN","UNKNOWN","COMMERCIAL / PROBLEM-SOLUTION","NOT MEASURED IN GSC","EARLY SIGNAL","IMPROVE","LOW","GSC page evidence exists; classification is conservative and age-aware."
"https://www.kubera-automation.com/en/solutions/switzerland/private-clinic-automation","/en/solutions/switzerland/private-clinic-automation","COMMERCIAL / INDUSTRY","en","switzerland","private-clinic-automation","private-clinic-automation","N/A","src\content\industry-solutions-switzerland.ts","2026-07-03T16:46:31+03:00","MATURE ENOUGH FOR EVIDENCE","91","YES","EXPECTED","1","0","1","0%","8","UNKNOWN","UNKNOWN","UNKNOWN","UNKNOWN","UNKNOWN","INSUFFICIENT DATA","UNKNOWN","UNKNOWN","UNKNOWN","COMMERCIAL / PROBLEM-SOLUTION","NOT MEASURED IN GSC","EARLY SIGNAL","IMPROVE","LOW","GSC page evidence exists; classification is conservative and age-aware."
"https://www.kubera-automation.com/en/solutions/spain/whatsapp-automation","/en/solutions/spain/whatsapp-automation","COMMERCIAL / INDUSTRY","en","spain","whatsapp-automation","whatsapp-automation","N/A","src\content\industry-solutions.ts","2026-06-30T17:42:31+03:00","MATURE ENOUGH FOR EVIDENCE","94","YES","EXPECTED","1","0","43","0%","5.12","0","35","0%","4.94","1","UP","UNKNOWN","UNKNOWN","UNKNOWN","COMMERCIAL / PROBLEM-SOLUTION","NOT MEASURED IN GSC","EARLY SIGNAL","IMPROVE","LOW","GSC page evidence exists; classification is conservative and age-aware."
"https://www.kubera-automation.com/en/solutions/spain/hospitality-automation","/en/solutions/spain/hospitality-automation","COMMERCIAL / INDUSTRY","en","spain","hospitality-automation","hospitality-automation","N/A","src\content\industry-solutions.ts","2026-06-30T17:42:31+03:00","MATURE ENOUGH FOR EVIDENCE","94","YES","EXPECTED","1","0","5","0%","2.6","0","4","0%","2.25","1","UP","UNKNOWN","UNKNOWN","UNKNOWN","COMMERCIAL / PROBLEM-SOLUTION","NOT MEASURED IN GSC","EARLY SIGNAL","IMPROVE","LOW","GSC page evidence exists; classification is conservative and age-aware."
"https://www.kubera-automation.com/en/solutions/spain/real-estate-automation","/en/solutions/spain/real-estate-automation","COMMERCIAL / INDUSTRY","en","spain","real-estate-automation","real-estate-automation","N/A","src\content\industry-solutions.ts","2026-06-30T17:42:31+03:00","MATURE ENOUGH FOR EVIDENCE","94","YES","EXPECTED","1","0","35","0%","5.06","0","20","0%","4.9","14","UP","UNKNOWN","UNKNOWN","UNKNOWN","COMMERCIAL / PROBLEM-SOLUTION","NOT MEASURED IN GSC","EARLY SIGNAL","IMPROVE","LOW","GSC page evidence exists; classification is conservative and age-aware."
"https://www.kubera-automation.com/en/solutions/portugal/whatsapp-automation","/en/solutions/portugal/whatsapp-automation","COMMERCIAL / INDUSTRY","en","portugal","whatsapp-automation","whatsapp-automation","N/A","src\content\industry-solutions.ts","2026-06-30T17:42:31+03:00","MATURE ENOUGH FOR EVIDENCE","94","YES","EXPECTED","1","0","6","0%","4.5","0","4","0%","5.25","UNKNOWN","INSUFFICIENT DATA","UNKNOWN","UNKNOWN","UNKNOWN","COMMERCIAL / PROBLEM-SOLUTION","NOT MEASURED IN GSC","EARLY SIGNAL","IMPROVE","LOW","GSC page evidence exists; classification is conservative and age-aware."
"https://www.kubera-automation.com/en/solutions/portugal/tourism-automation","/en/solutions/portugal/tourism-automation","COMMERCIAL / INDUSTRY","en","portugal","tourism-automation","tourism-automation","N/A","src\content\industry-solutions.ts","2026-06-30T17:42:31+03:00","MATURE ENOUGH FOR EVIDENCE","94","YES","EXPECTED","1","0","1","0%","17","0","1","0%","17","UNKNOWN","INSUFFICIENT DATA","UNKNOWN","UNKNOWN","UNKNOWN","COMMERCIAL / PROBLEM-SOLUTION","NOT MEASURED IN GSC","EARLY SIGNAL","IMPROVE","LOW","GSC page evidence exists; classification is conservative and age-aware."
"https://www.kubera-automation.com/en/solutions/portugal/real-estate-automation","/en/solutions/portugal/real-estate-automation","COMMERCIAL / INDUSTRY","en","portugal","real-estate-automation","real-estate-automation","N/A","src\content\industry-solutions.ts","2026-06-30T17:42:31+03:00","MATURE ENOUGH FOR EVIDENCE","94","YES","EXPECTED","1","0","5","0%","6.8","0","3","0%","6","UNKNOWN","INSUFFICIENT DATA","UNKNOWN","UNKNOWN","UNKNOWN","COMMERCIAL / PROBLEM-SOLUTION","NOT MEASURED IN GSC","EARLY SIGNAL","IMPROVE","LOW","GSC page evidence exists; classification is conservative and age-aware."
"https://www.kubera-automation.com/en/solutions/france/hospitality-automation","/en/solutions/france/hospitality-automation","COMMERCIAL / INDUSTRY","en","france","hospitality-automation","hospitality-automation","N/A","src\content\industry-solutions.ts","2026-06-30T17:42:31+03:00","MATURE ENOUGH FOR EVIDENCE","94","YES","EXPECTED","1","0","2","0%","11","UNKNOWN","UNKNOWN","UNKNOWN","UNKNOWN","2","INSUFFICIENT DATA","UNKNOWN","UNKNOWN","UNKNOWN","COMMERCIAL / PROBLEM-SOLUTION","NOT MEASURED IN GSC","EARLY SIGNAL","IMPROVE","LOW","GSC page evidence exists; classification is conservative and age-aware."
"https://www.kubera-automation.com/en/solutions/france/retail-automation","/en/solutions/france/retail-automation","COMMERCIAL / INDUSTRY","en","france","retail-automation","retail-automation","N/A","src\content\industry-solutions.ts","2026-06-30T17:42:31+03:00","MATURE ENOUGH FOR EVIDENCE","94","YES","EXPECTED","1","0","3","0%","4","UNKNOWN","UNKNOWN","UNKNOWN","UNKNOWN","UNKNOWN","INSUFFICIENT DATA","UNKNOWN","UNKNOWN","UNKNOWN","COMMERCIAL / PROBLEM-SOLUTION","NOT MEASURED IN GSC","EARLY SIGNAL","IMPROVE","LOW","GSC page evidence exists; classification is conservative and age-aware."
"https://www.kubera-automation.com/en/solutions/france/whatsapp-automation","/en/solutions/france/whatsapp-automation","COMMERCIAL / INDUSTRY","en","france","whatsapp-automation","whatsapp-automation","N/A","src\content\industry-solutions.ts","2026-06-30T17:42:31+03:00","MATURE ENOUGH FOR EVIDENCE","94","YES","EXPECTED","1","0","10","0%","3.6","0","1","0%","4","6","DOWN","UNKNOWN","UNKNOWN","UNKNOWN","COMMERCIAL / PROBLEM-SOLUTION","NOT MEASURED IN GSC","EARLY SIGNAL","IMPROVE","LOW","GSC page evidence exists; classification is conservative and age-aware."
"https://www.kubera-automation.com/en/solutions/germany/dental-automation","/en/solutions/germany/dental-automation","COMMERCIAL / INDUSTRY","en","germany","dental-automation","dental-automation","N/A","src\content\industry-solutions.ts","2026-06-30T17:42:31+03:00","MATURE ENOUGH FOR EVIDENCE","94","YES","EXPECTED","1","2","100","2%","22.86","1","71","1.41%","23.9","25","UP","12","dental practice automation | dental office automation | dental automation software | dental automation | automate dental appointment scheduling | dental appointment scheduling ai | ai automation for dental practices | المانيا | dental automations | ai appointment reminder system dental | appointment automation | whatsapp automation germany","UNKNOWN","COMMERCIAL / PROBLEM-SOLUTION","NOT MEASURED IN GSC","EARLY SIGNAL","IMPROVE","LOW","GSC page evidence exists; classification is conservative and age-aware."
"https://www.kubera-automation.com/en/solutions/germany/legal-tech-automation","/en/solutions/germany/legal-tech-automation","COMMERCIAL / INDUSTRY","en","germany","legal-tech-automation","legal-tech-automation","N/A","src\content\industry-solutions.ts","2026-06-30T17:42:31+03:00","MATURE ENOUGH FOR EVIDENCE","94","YES","EXPECTED","1","0","46","0%","48.57","0","17","0%","35.24","14","UP","UNKNOWN","UNKNOWN","UNKNOWN","COMMERCIAL / PROBLEM-SOLUTION","NOT MEASURED IN GSC","EARLY SIGNAL","IMPROVE","LOW","GSC page evidence exists; classification is conservative and age-aware."
"https://www.kubera-automation.com/en/solutions/germany/whatsapp-automation","/en/solutions/germany/whatsapp-automation","COMMERCIAL / INDUSTRY","en","germany","whatsapp-automation","whatsapp-automation","N/A","src\content\industry-solutions.ts","2026-06-30T17:42:31+03:00","MATURE ENOUGH FOR EVIDENCE","94","YES","EXPECTED","1","0","107","0%","6.03","0","57","0%","6.7","50","UP","UNKNOWN","UNKNOWN","UNKNOWN","COMMERCIAL / PROBLEM-SOLUTION","NOT MEASURED IN GSC","TRACTION","IMPROVE","LOW","GSC page evidence exists; classification is conservative and age-aware."
"https://www.kubera-automation.com/en/solutions/netherlands/logistics-automation","/en/solutions/netherlands/logistics-automation","COMMERCIAL / INDUSTRY","en","netherlands","logistics-automation","logistics-automation","N/A","src\content\industry-solutions.ts","2026-06-30T17:42:31+03:00","MATURE ENOUGH FOR EVIDENCE","94","YES","EXPECTED","1","0","3","0%","1.33","UNKNOWN","UNKNOWN","UNKNOWN","UNKNOWN","UNKNOWN","INSUFFICIENT DATA","UNKNOWN","UNKNOWN","UNKNOWN","COMMERCIAL / PROBLEM-SOLUTION","NOT MEASURED IN GSC","EARLY SIGNAL","IMPROVE","LOW","GSC page evidence exists; classification is conservative and age-aware."
"https://www.kubera-automation.com/en/solutions/netherlands/e-commerce-automation","/en/solutions/netherlands/e-commerce-automation","COMMERCIAL / INDUSTRY","en","netherlands","e-commerce-automation","e-commerce-automation","N/A","src\content\industry-solutions.ts","2026-06-30T17:42:31+03:00","MATURE ENOUGH FOR EVIDENCE","94","YES","EXPECTED","1","1","17","5.88%","8.18","0","2","0%","12.5","1","UP","UNKNOWN","UNKNOWN","UNKNOWN","COMMERCIAL / PROBLEM-SOLUTION","NOT MEASURED IN GSC","EARLY SIGNAL","IMPROVE","LOW","GSC page evidence exists; classification is conservative and age-aware."
"https://www.kubera-automation.com/en/solutions/netherlands/whatsapp-automation","/en/solutions/netherlands/whatsapp-automation","COMMERCIAL / INDUSTRY","en","netherlands","whatsapp-automation","whatsapp-automation","N/A","src\content\industry-solutions.ts","2026-06-30T17:42:31+03:00","MATURE ENOUGH FOR EVIDENCE","94","YES","EXPECTED","1","0","7","0%","18.14","0","3","0%","6.33","4","DOWN","UNKNOWN","UNKNOWN","UNKNOWN","COMMERCIAL / PROBLEM-SOLUTION","NOT MEASURED IN GSC","EARLY SIGNAL","IMPROVE","LOW","GSC page evidence exists; classification is conservative and age-aware."
"https://www.kubera-automation.com/cases/customer-communications","/cases/customer-communications","CASE / PROOF","en","N/A","N/A","N/A","N/A","src/content/cases.ts","2026-06-25T01:01:52+03:00","MATURE ENOUGH FOR EVIDENCE","100","YES","EXPECTED","60","0","7","0%","12","0","7","0%","12","UNKNOWN","INSUFFICIENT DATA","UNKNOWN","UNKNOWN","UNKNOWN","COMMERCIAL / PROBLEM-SOLUTION","NOT MEASURED IN GSC","EARLY SIGNAL","IMPROVE","LOW","GSC page evidence exists; classification is conservative and age-aware."
"https://www.kubera-automation.com/ru/keysy/customer-communications","/ru/keysy/customer-communications","CASE / PROOF","ru","N/A","N/A","N/A","N/A","src/content/cases.ts","2026-06-25T01:01:52+03:00","MATURE ENOUGH FOR EVIDENCE","100","YES","EXPECTED","0","UNKNOWN","UNKNOWN","UNKNOWN","UNKNOWN","UNKNOWN","UNKNOWN","UNKNOWN","UNKNOWN","UNKNOWN","INSUFFICIENT DATA","UNKNOWN","UNKNOWN","UNKNOWN","COMMERCIAL / PROBLEM-SOLUTION","NOT MEASURED IN GSC","NO OBSERVED EVIDENCE","NEED MORE DATA","LOW","No row in supplied GSC page exports; absence is not proof of zero demand."
"https://www.kubera-automation.com/cases/sales-leads","/cases/sales-leads","CASE / PROOF","en","N/A","N/A","N/A","N/A","src/content/cases.ts","2026-06-25T01:01:52+03:00","MATURE ENOUGH FOR EVIDENCE","100","YES","EXPECTED","30","0","5","0%","5.2","0","2","0%","4","3","DOWN","UNKNOWN","UNKNOWN","UNKNOWN","COMMERCIAL / PROBLEM-SOLUTION","NOT MEASURED IN GSC","EARLY SIGNAL","IMPROVE","LOW","GSC page evidence exists; classification is conservative and age-aware."
"https://www.kubera-automation.com/ru/keysy/sales-leads","/ru/keysy/sales-leads","CASE / PROOF","ru","N/A","N/A","N/A","N/A","src/content/cases.ts","2026-06-25T01:01:52+03:00","MATURE ENOUGH FOR EVIDENCE","100","YES","EXPECTED","0","UNKNOWN","UNKNOWN","UNKNOWN","UNKNOWN","UNKNOWN","UNKNOWN","UNKNOWN","UNKNOWN","UNKNOWN","INSUFFICIENT DATA","UNKNOWN","UNKNOWN","UNKNOWN","COMMERCIAL / PROBLEM-SOLUTION","NOT MEASURED IN GSC","NO OBSERVED EVIDENCE","NEED MORE DATA","LOW","No row in supplied GSC page exports; absence is not proof of zero demand."
"https://www.kubera-automation.com/cases/internal-processes","/cases/internal-processes","CASE / PROOF","en","N/A","N/A","N/A","N/A","src/content/cases.ts","2026-06-25T01:01:52+03:00","MATURE ENOUGH FOR EVIDENCE","100","YES","EXPECTED","26","UNKNOWN","UNKNOWN","UNKNOWN","UNKNOWN","UNKNOWN","UNKNOWN","UNKNOWN","UNKNOWN","UNKNOWN","INSUFFICIENT DATA","UNKNOWN","UNKNOWN","UNKNOWN","COMMERCIAL / PROBLEM-SOLUTION","NOT MEASURED IN GSC","NO OBSERVED EVIDENCE","NEED MORE DATA","LOW","No row in supplied GSC page exports; absence is not proof of zero demand."
"https://www.kubera-automation.com/ru/keysy/internal-processes","/ru/keysy/internal-processes","CASE / PROOF","ru","N/A","N/A","N/A","N/A","src/content/cases.ts","2026-06-25T01:01:52+03:00","MATURE ENOUGH FOR EVIDENCE","100","YES","EXPECTED","0","UNKNOWN","UNKNOWN","UNKNOWN","UNKNOWN","UNKNOWN","UNKNOWN","UNKNOWN","UNKNOWN","UNKNOWN","INSUFFICIENT DATA","UNKNOWN","UNKNOWN","UNKNOWN","COMMERCIAL / PROBLEM-SOLUTION","NOT MEASURED IN GSC","NO OBSERVED EVIDENCE","NEED MORE DATA","LOW","No row in supplied GSC page exports; absence is not proof of zero demand."
"https://www.kubera-automation.com/cases/hr-hiring","/cases/hr-hiring","CASE / PROOF","en","N/A","N/A","N/A","N/A","src/content/cases.ts","2026-06-25T01:01:52+03:00","MATURE ENOUGH FOR EVIDENCE","100","YES","EXPECTED","9","0","1","0%","6","UNKNOWN","UNKNOWN","UNKNOWN","UNKNOWN","UNKNOWN","INSUFFICIENT DATA","UNKNOWN","UNKNOWN","UNKNOWN","COMMERCIAL / PROBLEM-SOLUTION","NOT MEASURED IN GSC","EARLY SIGNAL","IMPROVE","LOW","GSC page evidence exists; classification is conservative and age-aware."
"https://www.kubera-automation.com/ru/keysy/hr-hiring","/ru/keysy/hr-hiring","CASE / PROOF","ru","N/A","N/A","N/A","N/A","src/content/cases.ts","2026-06-25T01:01:52+03:00","MATURE ENOUGH FOR EVIDENCE","100","YES","EXPECTED","0","UNKNOWN","UNKNOWN","UNKNOWN","UNKNOWN","UNKNOWN","UNKNOWN","UNKNOWN","UNKNOWN","UNKNOWN","INSUFFICIENT DATA","UNKNOWN","UNKNOWN","UNKNOWN","COMMERCIAL / PROBLEM-SOLUTION","NOT MEASURED IN GSC","NO OBSERVED EVIDENCE","NEED MORE DATA","LOW","No row in supplied GSC page exports; absence is not proof of zero demand."
"https://www.kubera-automation.com/cases/content-marketing","/cases/content-marketing","CASE / PROOF","en","N/A","N/A","N/A","N/A","src/content/cases.ts","2026-06-25T01:01:52+03:00","MATURE ENOUGH FOR EVIDENCE","100","YES","EXPECTED","3","0","1","0%","4","UNKNOWN","UNKNOWN","UNKNOWN","UNKNOWN","UNKNOWN","INSUFFICIENT DATA","UNKNOWN","UNKNOWN","UNKNOWN","COMMERCIAL / PROBLEM-SOLUTION","NOT MEASURED IN GSC","EARLY SIGNAL","IMPROVE","LOW","GSC page evidence exists; classification is conservative and age-aware."
"https://www.kubera-automation.com/ru/keysy/content-marketing","/ru/keysy/content-marketing","CASE / PROOF","ru","N/A","N/A","N/A","N/A","src/content/cases.ts","2026-06-25T01:01:52+03:00","MATURE ENOUGH FOR EVIDENCE","100","YES","EXPECTED","0","UNKNOWN","UNKNOWN","UNKNOWN","UNKNOWN","UNKNOWN","UNKNOWN","UNKNOWN","UNKNOWN","UNKNOWN","INSUFFICIENT DATA","UNKNOWN","UNKNOWN","UNKNOWN","COMMERCIAL / PROBLEM-SOLUTION","NOT MEASURED IN GSC","NO OBSERVED EVIDENCE","NEED MORE DATA","LOW","No row in supplied GSC page exports; absence is not proof of zero demand."
"https://www.kubera-automation.com/cases/finance-documents","/cases/finance-documents","CASE / PROOF","en","N/A","N/A","N/A","N/A","src/content/cases.ts","2026-06-25T01:01:52+03:00","MATURE ENOUGH FOR EVIDENCE","100","YES","EXPECTED","1","0","2","0%","5.5","UNKNOWN","UNKNOWN","UNKNOWN","UNKNOWN","2","INSUFFICIENT DATA","UNKNOWN","UNKNOWN","UNKNOWN","COMMERCIAL / PROBLEM-SOLUTION","NOT MEASURED IN GSC","EARLY SIGNAL","IMPROVE","LOW","GSC page evidence exists; classification is conservative and age-aware."
"https://www.kubera-automation.com/ru/keysy/finance-documents","/ru/keysy/finance-documents","CASE / PROOF","ru","N/A","N/A","N/A","N/A","src/content/cases.ts","2026-06-25T01:01:52+03:00","MATURE ENOUGH FOR EVIDENCE","100","YES","EXPECTED","0","UNKNOWN","UNKNOWN","UNKNOWN","UNKNOWN","UNKNOWN","UNKNOWN","UNKNOWN","UNKNOWN","UNKNOWN","INSUFFICIENT DATA","UNKNOWN","UNKNOWN","UNKNOWN","COMMERCIAL / PROBLEM-SOLUTION","NOT MEASURED IN GSC","NO OBSERVED EVIDENCE","NEED MORE DATA","LOW","No row in supplied GSC page exports; absence is not proof of zero demand."
"https://www.kubera-automation.com/cases/ecommerce-logistics","/cases/ecommerce-logistics","CASE / PROOF","en","N/A","N/A","N/A","N/A","src/content/cases.ts","2026-06-25T01:01:52+03:00","MATURE ENOUGH FOR EVIDENCE","100","YES","EXPECTED","10","0","1","0%","3","UNKNOWN","UNKNOWN","UNKNOWN","UNKNOWN","UNKNOWN","INSUFFICIENT DATA","UNKNOWN","UNKNOWN","UNKNOWN","COMMERCIAL / PROBLEM-SOLUTION","NOT MEASURED IN GSC","EARLY SIGNAL","IMPROVE","LOW","GSC page evidence exists; classification is conservative and age-aware."
"https://www.kubera-automation.com/ru/keysy/ecommerce-logistics","/ru/keysy/ecommerce-logistics","CASE / PROOF","ru","N/A","N/A","N/A","N/A","src/content/cases.ts","2026-06-25T01:01:52+03:00","MATURE ENOUGH FOR EVIDENCE","100","YES","EXPECTED","0","UNKNOWN","UNKNOWN","UNKNOWN","UNKNOWN","UNKNOWN","UNKNOWN","UNKNOWN","UNKNOWN","UNKNOWN","INSUFFICIENT DATA","UNKNOWN","UNKNOWN","UNKNOWN","COMMERCIAL / PROBLEM-SOLUTION","NOT MEASURED IN GSC","NO OBSERVED EVIDENCE","NEED MORE DATA","LOW","No row in supplied GSC page exports; absence is not proof of zero demand."
"https://www.kubera-automation.com/cases/education-online-schools","/cases/education-online-schools","CASE / PROOF","en","N/A","N/A","N/A","N/A","src/content/cases.ts","2026-06-25T01:01:52+03:00","MATURE ENOUGH FOR EVIDENCE","100","YES","EXPECTED","0","UNKNOWN","UNKNOWN","UNKNOWN","UNKNOWN","UNKNOWN","UNKNOWN","UNKNOWN","UNKNOWN","UNKNOWN","INSUFFICIENT DATA","UNKNOWN","UNKNOWN","UNKNOWN","COMMERCIAL / PROBLEM-SOLUTION","NOT MEASURED IN GSC","NO OBSERVED EVIDENCE","NEED MORE DATA","LOW","No row in supplied GSC page exports; absence is not proof of zero demand."
"https://www.kubera-automation.com/ru/keysy/education-online-schools","/ru/keysy/education-online-schools","CASE / PROOF","ru","N/A","N/A","N/A","N/A","src/content/cases.ts","2026-06-25T01:01:52+03:00","MATURE ENOUGH FOR EVIDENCE","100","YES","EXPECTED","0","UNKNOWN","UNKNOWN","UNKNOWN","UNKNOWN","UNKNOWN","UNKNOWN","UNKNOWN","UNKNOWN","UNKNOWN","INSUFFICIENT DATA","UNKNOWN","UNKNOWN","UNKNOWN","COMMERCIAL / PROBLEM-SOLUTION","NOT MEASURED IN GSC","NO OBSERVED EVIDENCE","NEED MORE DATA","LOW","No row in supplied GSC page exports; absence is not proof of zero demand."
"https://www.kubera-automation.com/cases/real-estate-rentals","/cases/real-estate-rentals","CASE / PROOF","en","N/A","N/A","N/A","N/A","src/content/cases.ts","2026-06-25T01:01:52+03:00","MATURE ENOUGH FOR EVIDENCE","100","YES","EXPECTED","17","0","3","0%","12.67","UNKNOWN","UNKNOWN","UNKNOWN","UNKNOWN","3","INSUFFICIENT DATA","UNKNOWN","UNKNOWN","UNKNOWN","COMMERCIAL / PROBLEM-SOLUTION","NOT MEASURED IN GSC","EARLY SIGNAL","IMPROVE","LOW","GSC page evidence exists; classification is conservative and age-aware."
"https://www.kubera-automation.com/ru/keysy/real-estate-rentals","/ru/keysy/real-estate-rentals","CASE / PROOF","ru","N/A","N/A","N/A","N/A","src/content/cases.ts","2026-06-25T01:01:52+03:00","MATURE ENOUGH FOR EVIDENCE","100","YES","EXPECTED","0","0","3","0%","8.67","0","1","0%","5","1","FLAT","UNKNOWN","UNKNOWN","UNKNOWN","COMMERCIAL / PROBLEM-SOLUTION","NOT MEASURED IN GSC","EARLY SIGNAL","IMPROVE","LOW","GSC page evidence exists; classification is conservative and age-aware."
"https://www.kubera-automation.com/cases/hotels-restaurants","/cases/hotels-restaurants","CASE / PROOF","en","N/A","N/A","N/A","N/A","src/content/cases.ts","2026-06-25T01:01:52+03:00","MATURE ENOUGH FOR EVIDENCE","100","YES","EXPECTED","10","0","11","0%","6.36","0","5","0%","8.4","1","UP","UNKNOWN","UNKNOWN","UNKNOWN","COMMERCIAL / PROBLEM-SOLUTION","NOT MEASURED IN GSC","EARLY SIGNAL","IMPROVE","LOW","GSC page evidence exists; classification is conservative and age-aware."
"https://www.kubera-automation.com/ru/keysy/hotels-restaurants","/ru/keysy/hotels-restaurants","CASE / PROOF","ru","N/A","N/A","N/A","N/A","src/content/cases.ts","2026-06-25T01:01:52+03:00","MATURE ENOUGH FOR EVIDENCE","100","YES","EXPECTED","0","UNKNOWN","UNKNOWN","UNKNOWN","UNKNOWN","UNKNOWN","UNKNOWN","UNKNOWN","UNKNOWN","UNKNOWN","INSUFFICIENT DATA","UNKNOWN","UNKNOWN","UNKNOWN","COMMERCIAL / PROBLEM-SOLUTION","NOT MEASURED IN GSC","NO OBSERVED EVIDENCE","NEED MORE DATA","LOW","No row in supplied GSC page exports; absence is not proof of zero demand."
"https://www.kubera-automation.com/cases/transport-logistics","/cases/transport-logistics","CASE / PROOF","en","N/A","N/A","N/A","N/A","src/content/cases.ts","2026-06-25T01:01:52+03:00","MATURE ENOUGH FOR EVIDENCE","100","YES","EXPECTED","2","0","5","0%","5.4","0","2","0%","8","1","UP","UNKNOWN","UNKNOWN","UNKNOWN","COMMERCIAL / PROBLEM-SOLUTION","NOT MEASURED IN GSC","EARLY SIGNAL","IMPROVE","LOW","GSC page evidence exists; classification is conservative and age-aware."
"https://www.kubera-automation.com/ru/keysy/transport-logistics","/ru/keysy/transport-logistics","CASE / PROOF","ru","N/A","N/A","N/A","N/A","src/content/cases.ts","2026-06-25T01:01:52+03:00","MATURE ENOUGH FOR EVIDENCE","100","YES","EXPECTED","0","UNKNOWN","UNKNOWN","UNKNOWN","UNKNOWN","UNKNOWN","UNKNOWN","UNKNOWN","UNKNOWN","UNKNOWN","INSUFFICIENT DATA","UNKNOWN","UNKNOWN","UNKNOWN","COMMERCIAL / PROBLEM-SOLUTION","NOT MEASURED IN GSC","NO OBSERVED EVIDENCE","NEED MORE DATA","LOW","No row in supplied GSC page exports; absence is not proof of zero demand."
"https://www.kubera-automation.com/cases/beauty-health","/cases/beauty-health","CASE / PROOF","en","N/A","N/A","N/A","N/A","src/content/cases.ts","2026-06-25T01:01:52+03:00","MATURE ENOUGH FOR EVIDENCE","100","YES","EXPECTED","4","0","4","0%","4.25","0","2","0%","7","UNKNOWN","INSUFFICIENT DATA","UNKNOWN","UNKNOWN","UNKNOWN","COMMERCIAL / PROBLEM-SOLUTION","NOT MEASURED IN GSC","EARLY SIGNAL","IMPROVE","LOW","GSC page evidence exists; classification is conservative and age-aware."
"https://www.kubera-automation.com/ru/keysy/beauty-health","/ru/keysy/beauty-health","CASE / PROOF","ru","N/A","N/A","N/A","N/A","src/content/cases.ts","2026-06-25T01:01:52+03:00","MATURE ENOUGH FOR EVIDENCE","100","YES","EXPECTED","0","0","1","0%","2","UNKNOWN","UNKNOWN","UNKNOWN","UNKNOWN","UNKNOWN","INSUFFICIENT DATA","UNKNOWN","UNKNOWN","UNKNOWN","COMMERCIAL / PROBLEM-SOLUTION","NOT MEASURED IN GSC","EARLY SIGNAL","IMPROVE","LOW","GSC page evidence exists; classification is conservative and age-aware."
"https://www.kubera-automation.com/cases/medical-clinics-dental","/cases/medical-clinics-dental","CASE / PROOF","en","N/A","N/A","N/A","N/A","src/content/cases.ts","2026-06-25T01:01:52+03:00","MATURE ENOUGH FOR EVIDENCE","100","YES","EXPECTED","5","0","10","0%","4.6","UNKNOWN","UNKNOWN","UNKNOWN","UNKNOWN","8","INSUFFICIENT DATA","UNKNOWN","UNKNOWN","UNKNOWN","COMMERCIAL / PROBLEM-SOLUTION","NOT MEASURED IN GSC","EARLY SIGNAL","IMPROVE","LOW","GSC page evidence exists; classification is conservative and age-aware."
"https://www.kubera-automation.com/ru/keysy/medical-clinics-dental","/ru/keysy/medical-clinics-dental","CASE / PROOF","ru","N/A","N/A","N/A","N/A","src/content/cases.ts","2026-06-25T01:01:52+03:00","MATURE ENOUGH FOR EVIDENCE","100","YES","EXPECTED","0","0","3","0%","57.67","UNKNOWN","UNKNOWN","UNKNOWN","UNKNOWN","UNKNOWN","INSUFFICIENT DATA","UNKNOWN","UNKNOWN","UNKNOWN","COMMERCIAL / PROBLEM-SOLUTION","NOT MEASURED IN GSC","EARLY SIGNAL","IMPROVE","LOW","GSC page evidence exists; classification is conservative and age-aware."
"https://www.kubera-automation.com/cases/auto-business-car-rentals","/cases/auto-business-car-rentals","CASE / PROOF","en","N/A","N/A","N/A","N/A","src/content/cases.ts","2026-06-25T01:01:52+03:00","MATURE ENOUGH FOR EVIDENCE","100","YES","EXPECTED","0","0","9","0%","6.33","0","2","0%","10","2","FLAT","UNKNOWN","UNKNOWN","UNKNOWN","COMMERCIAL / PROBLEM-SOLUTION","NOT MEASURED IN GSC","EARLY SIGNAL","IMPROVE","LOW","GSC page evidence exists; classification is conservative and age-aware."
"https://www.kubera-automation.com/ru/keysy/auto-business-car-rentals","/ru/keysy/auto-business-car-rentals","CASE / PROOF","ru","N/A","N/A","N/A","N/A","src/content/cases.ts","2026-06-25T01:01:52+03:00","MATURE ENOUGH FOR EVIDENCE","100","YES","EXPECTED","0","UNKNOWN","UNKNOWN","UNKNOWN","UNKNOWN","UNKNOWN","UNKNOWN","UNKNOWN","UNKNOWN","UNKNOWN","INSUFFICIENT DATA","UNKNOWN","UNKNOWN","UNKNOWN","COMMERCIAL / PROBLEM-SOLUTION","NOT MEASURED IN GSC","NO OBSERVED EVIDENCE","NEED MORE DATA","LOW","No row in supplied GSC page exports; absence is not proof of zero demand."
"https://www.kubera-automation.com/cases/landing-page-gpt-nti","/cases/landing-page-gpt-nti","CASE / PROOF","en","N/A","N/A","N/A","N/A","src/content/cases.ts","2026-06-25T01:01:52+03:00","MATURE ENOUGH FOR EVIDENCE","100","YES","EXPECTED","10","0","1","0%","3","UNKNOWN","UNKNOWN","UNKNOWN","UNKNOWN","1","INSUFFICIENT DATA","UNKNOWN","UNKNOWN","UNKNOWN","COMMERCIAL / PROBLEM-SOLUTION","NOT MEASURED IN GSC","EARLY SIGNAL","IMPROVE","LOW","GSC page evidence exists; classification is conservative and age-aware."
"https://www.kubera-automation.com/ru/keysy/landing-page-gpt-nti","/ru/keysy/landing-page-gpt-nti","CASE / PROOF","ru","N/A","N/A","N/A","N/A","src/content/cases.ts","2026-06-25T01:01:52+03:00","MATURE ENOUGH FOR EVIDENCE","100","YES","EXPECTED","0","UNKNOWN","UNKNOWN","UNKNOWN","UNKNOWN","UNKNOWN","UNKNOWN","UNKNOWN","UNKNOWN","UNKNOWN","INSUFFICIENT DATA","UNKNOWN","UNKNOWN","UNKNOWN","COMMERCIAL / PROBLEM-SOLUTION","NOT MEASURED IN GSC","NO OBSERVED EVIDENCE","NEED MORE DATA","LOW","No row in supplied GSC page exports; absence is not proof of zero demand."
